/*
 Navicat Premium Data Transfer

 Source Server         : czb_db
 Source Server Type    : MySQL
 Source Server Version : 50725
 Source Host           : 39.98.250.45:3306
 Source Schema         : czb

 Target Server Type    : MySQL
 Target Server Version : 50725
 File Encoding         : 65001

 Date: 16/05/2019 23:37:43
*/

SET FOREIGN_KEY_CHECKS = 0;

-- ----------------------------
-- Table structure for czb_address
-- ----------------------------
DROP TABLE IF EXISTS `czb_address`;
CREATE TABLE `czb_address`  (
  `address_id` varchar(20) CHARACTER SET utf8 COLLATE utf8_general_ci NOT NULL,
  `province` varchar(20) CHARACTER SET utf8 COLLATE utf8_general_ci NULL DEFAULT NULL,
  `city` varchar(20) CHARACTER SET utf8 COLLATE utf8_general_ci NULL DEFAULT NULL,
  `area` varchar(20) CHARACTER SET utf8 COLLATE utf8_general_ci NULL DEFAULT NULL,
  `detail` varchar(255) CHARACTER SET utf8 COLLATE utf8_general_ci NULL DEFAULT NULL,
  `user_id` varchar(20) CHARACTER SET utf8 COLLATE utf8_general_ci NULL DEFAULT NULL,
  `create_at` timestamp(0) NULL DEFAULT NULL,
  `update_at` timestamp(0) NULL DEFAULT NULL ON UPDATE CURRENT_TIMESTAMP(0),
  `contact_number` varchar(20) CHARACTER SET utf8 COLLATE utf8_general_ci NULL DEFAULT NULL,
  `receiver` varchar(20) CHARACTER SET utf8 COLLATE utf8_general_ci NULL DEFAULT NULL,
  `is_default` int(1) NULL DEFAULT NULL,
  PRIMARY KEY (`address_id`) USING BTREE
) ENGINE = InnoDB CHARACTER SET = utf8 COLLATE = utf8_general_ci ROW_FORMAT = Dynamic;

-- ----------------------------
-- Records of czb_address
-- ----------------------------
INSERT INTO `czb_address` VALUES ('155779953101001', '广西壮族自治区', '南宁市', '市辖区', '111', '155779902355425', '2019-05-14 10:05:31', '2019-05-15 15:02:36', '13883341522', 'pan', 1);
INSERT INTO `czb_address` VALUES ('155780116624829', '重庆', '重庆', '巴南区', '重庆巴南花溪理工大学', '155780071748567', '2019-05-14 02:32:46', '2019-05-16 14:19:35', '13372306246', '王总', 1);
INSERT INTO `czb_address` VALUES ('155780182584004', '山西', '太原', '杏花岭区', '重庆理工大学', '155780028358627', '2019-05-14 02:43:46', '2019-05-14 10:44:59', '13996021748', '王睿茜', 1);
INSERT INTO `czb_address` VALUES ('155780311026732', '北京', '', '崇文区', '重庆理工大学', '155780105029967', '2019-05-14 03:05:10', '2019-05-15 15:13:14', '13996021748', '王睿茜', 0);
INSERT INTO `czb_address` VALUES ('155780313742183', '北京', '', '崇文区', '你的电脑', '155780105029967', '2019-05-14 03:05:37', '2019-05-15 15:13:14', '13996021748', '王睿茜', 1);
INSERT INTO `czb_address` VALUES ('155780354781640', '广西', '南宁', '青秀区', '测试地址', '155780071748567', '2019-05-14 03:12:28', '2019-05-16 14:19:35', '13372606246', '王总2号', 0);
INSERT INTO `czb_address` VALUES ('155781852016126', '山西', '太原', '晋源区', 'ddddd', '155754952686931', '2019-05-14 15:22:00', NULL, '15213057125', 'kyk', 0);
INSERT INTO `czb_address` VALUES ('155781902933433', '北京', '', '东城区', 'adadadad', '155759771785912', '2019-05-14 15:30:29', '2019-05-14 16:25:25', '15213057125', 'lyk5', 1);
INSERT INTO `czb_address` VALUES ('155781940249446', '山西', '太原', '万柏林区', 'fasdfasdf', '155759771785912', '2019-05-14 15:36:42', '2019-05-14 16:25:25', '15213057125', 'lyk', 1);
INSERT INTO `czb_address` VALUES ('155781971534407', '山西', '太原', '迎泽区', 'ddddddddd', '155759771785912', '2019-05-14 15:41:55', '2019-05-14 16:25:16', '13320243756', 'asdasd', 0);
INSERT INTO `czb_address` VALUES ('155781984399186', '天津', '', '和平区', 'fffff', '155759771785912', '2019-05-14 15:44:04', '2019-05-14 16:25:25', '15252525252', 'ddddd', 1);
INSERT INTO `czb_address` VALUES ('155782007577367', '吉林省', '长春市', '市辖区', '1111111', '155782001077606', '2019-05-14 15:47:56', '2019-05-14 15:47:58', '13883341522', 'Jan', 1);
INSERT INTO `czb_address` VALUES ('155782398141197', '石家庄', '石家庄', '长安区', '布尼塔尼亚vi', '155782371092252', '2019-05-14 16:53:01', '2019-05-15 05:11:17', '15213057125', '刘宇康', 0);
INSERT INTO `czb_address` VALUES ('155782407278733', '河北', '石家庄', '长安区', '皇家马德里', '155782371092252', '2019-05-14 16:54:33', '2019-05-15 05:11:22', '13320343756', '么么么', 0);
INSERT INTO `czb_address` VALUES ('155782489345309', '北京', '', '宣武区', '的和尚', '155781593961203', '2019-05-14 17:08:13', '2019-05-16 13:06:30', '15870596710', '裕安', 1);
INSERT INTO `czb_address` VALUES ('155782575840268', '北京', '', '密云县', '湖南电视', '155781593961203', '2019-05-14 17:22:38', '2019-05-16 13:06:30', '13364020219', '汇编', 0);
INSERT INTO `czb_address` VALUES ('155782608104467', '黑龙江', '哈尔滨', '平房区', 'aaaaa', '155782371092252', '2019-05-14 17:28:01', '2019-05-15 05:11:22', '13320343756', '潘方旬的爹地', 1);
INSERT INTO `czb_address` VALUES ('155783145072814', '广西', '南宁', '其他', '了啦咯啦咯啦咯', '155783138385018', '2019-05-14 18:57:31', '2019-05-14 21:14:26', '15213057125', '刘宇康', 1);
INSERT INTO `czb_address` VALUES ('155783279452430', '', '', '', '444', '155779902355425', '2019-05-14 19:19:55', '2019-05-15 14:18:21', '15213057125', 'lll', 0);
INSERT INTO `czb_address` VALUES ('155783405650322', '', '', '', 'ascb', '155783381244603', '2019-05-14 19:40:57', '2019-05-15 20:16:03', '15213057125', '刘裕康', 1);
INSERT INTO `czb_address` VALUES ('155783455808422', '北京', '', '东城区', 'sdfasf', '155783381244603', '2019-05-14 19:49:18', '2019-05-15 20:16:03', '15213057125', 'llllll', 0);
INSERT INTO `czb_address` VALUES ('155783517487570', '北京', '', '密云县', 'znnz', '155782315616542', '2019-05-14 19:59:35', '2019-05-14 19:59:37', '13364020219', 'lil', 1);
INSERT INTO `czb_address` VALUES ('155784613015387', '', '', '', 'hhjhj', '155784439974385', '2019-05-14 23:02:10', '2019-05-14 23:02:13', '15310897887', '哈哈', 1);
INSERT INTO `czb_address` VALUES ('155786081202606', '北京', '', '东城区', '黄赌毒锦江大酒店家', '155786053583269', '2019-05-15 03:06:52', '2019-05-15 03:06:55', '15730353007', '鱼丸', 1);
INSERT INTO `czb_address` VALUES ('155787026580335', '河北', '秦皇岛', '海港区', '我家', '155787015265199', '2019-05-15 05:44:26', '2019-05-15 05:44:32', '15213057125', '刘宇康', 1);
INSERT INTO `czb_address` VALUES ('155787103564846', '北京', '', '东城区', 'zbzjsk', '155787093029730', '2019-05-15 05:57:16', '2019-05-15 06:36:06', '15213057125', '刘宇康', 0);
INSERT INTO `czb_address` VALUES ('155787298409687', '北京', '', '东城区', '布鲁克林', '155787093029730', '2019-05-15 06:29:44', '2019-05-15 06:36:06', '15213057125', '鲁鲁', 1);
INSERT INTO `czb_address` VALUES ('155789226510459', '北京市', '崇文区', '', '姑姑给', '155788971393552', '2019-05-15 11:51:05', '2019-05-15 11:51:08', '15870596710', '你好', 1);
INSERT INTO `czb_address` VALUES ('155790038681867', '', '', '', 'wwwwww', '155782415996868', '2019-05-15 14:06:27', '2019-05-15 14:06:32', '15826045613', 'wwwwww', 1);
INSERT INTO `czb_address` VALUES ('155790379027683', '四川', '攀枝花', '米易县', '哔哩哔哩', '155790032338874', '2019-05-15 15:03:10', '2019-05-16 14:10:07', '15213057125', '刘宇康', 1);
INSERT INTO `czb_address` VALUES ('155790437742373', '重庆', '重庆', '渝北区', '吃完四方广告', '155790395870282', '2019-05-15 15:12:57', '2019-05-15 15:13:39', '13636457679', '丰富点', 1);
INSERT INTO `czb_address` VALUES ('155790440966623', '重庆', '重庆', '渝中区', '仙女洗漱你不懂', '155790395870282', '2019-05-15 15:13:30', '2019-05-15 15:13:39', '13576497678', 'DJ方便', 0);

-- ----------------------------
-- Table structure for czb_announcement
-- ----------------------------
DROP TABLE IF EXISTS `czb_announcement`;
CREATE TABLE `czb_announcement`  (
  `announcement_id` varchar(20) CHARACTER SET utf8 COLLATE utf8_general_ci NOT NULL,
  `announcement_title` varchar(20) CHARACTER SET utf8 COLLATE utf8_general_ci NULL DEFAULT NULL,
  `announcement_content` varchar(10000) CHARACTER SET utf8 COLLATE utf8_general_ci NULL DEFAULT NULL,
  `announcement_type` int(1) NULL DEFAULT NULL,
  `img_file_id` varchar(20) CHARACTER SET utf8 COLLATE utf8_general_ci NULL DEFAULT NULL,
  `is_show` int(1) NULL DEFAULT NULL,
  `announcement_order` int(2) NULL DEFAULT NULL,
  `location_code` varchar(20) CHARACTER SET utf8 COLLATE utf8_general_ci NULL DEFAULT NULL,
  `create_at` timestamp(0) NULL DEFAULT NULL,
  `update_at` timestamp(0) NULL DEFAULT NULL ON UPDATE CURRENT_TIMESTAMP(0),
  PRIMARY KEY (`announcement_id`) USING BTREE
) ENGINE = InnoDB CHARACTER SET = utf8 COLLATE = utf8_general_ci ROW_FORMAT = Dynamic;

-- ----------------------------
-- Records of czb_announcement
-- ----------------------------
INSERT INTO `czb_announcement` VALUES ('155785414451418', '欢迎进入车租宝', '<h1 class=\"ql-align-center\"><span style=\"color: rgb(0, 102, 204);\">公告一</span></h1><p>欢迎进入车租宝，祝您使用愉快</p>', 0, '155785414451493', 1, 1, 'shanghai', '2019-05-15 00:00:00', '2019-05-25 00:00:00');
INSERT INTO `czb_announcement` VALUES ('155785421631779', '欢迎进入车租宝', '<h1 class=\"ql-align-center\"><span style=\"color: rgb(0, 102, 204);\">公告二</span></h1><p>欢迎进入车租宝，祝您使用愉快</p>', 0, '155785421631736', 1, 2, 'shanghai', '2019-05-15 00:00:00', '2019-05-17 00:00:00');
INSERT INTO `czb_announcement` VALUES ('155785435331169', '欢迎进入车租宝', '<h1 class=\"ql-align-center\">公告三</h1><p>欢迎进入车租宝，祝您使用愉快</p>', 0, '155785435331149', 1, 3, 'shanghai', '2019-05-15 00:00:00', '2019-05-15 01:19:15');
INSERT INTO `czb_announcement` VALUES ('155788481212225', '测试', 'https://i.cnblogs.com', 2, '155788481212286', 0, 33, 'shanghai', '2019-05-06 00:00:00', '2019-05-15 09:47:00');
INSERT INTO `czb_announcement` VALUES ('155789580629889', '111', '<p>111</p>', 0, '155789580629817', 0, 11, 'shanghai', '2019-05-22 00:00:00', '2019-05-15 12:50:06');

-- ----------------------------
-- Table structure for czb_app_router
-- ----------------------------
DROP TABLE IF EXISTS `czb_app_router`;
CREATE TABLE `czb_app_router`  (
  `router_id` varchar(20) CHARACTER SET utf8 COLLATE utf8_general_ci NOT NULL,
  `app_type` int(1) NULL DEFAULT NULL,
  `menu_name` varchar(20) CHARACTER SET utf8 COLLATE utf8_general_ci NULL DEFAULT NULL,
  `is_show` int(1) NULL DEFAULT NULL,
  `icon_path_id` varchar(20) CHARACTER SET utf8 COLLATE utf8_general_ci NULL DEFAULT NULL,
  `menu_identity_code` varchar(20) CHARACTER SET utf8 COLLATE utf8_general_ci NULL DEFAULT NULL,
  `create_at` timestamp(0) NULL DEFAULT NULL,
  `update_at` timestamp(0) NULL DEFAULT NULL ON UPDATE CURRENT_TIMESTAMP(0),
  `android_path` varchar(100) CHARACTER SET utf8 COLLATE utf8_general_ci NULL DEFAULT NULL,
  `ios_path` varchar(100) CHARACTER SET utf8 COLLATE utf8_general_ci NULL DEFAULT NULL,
  PRIMARY KEY (`router_id`) USING BTREE
) ENGINE = InnoDB CHARACTER SET = utf8 COLLATE = utf8_general_ci ROW_FORMAT = Dynamic;

-- ----------------------------
-- Table structure for czb_cars_persons
-- ----------------------------
DROP TABLE IF EXISTS `czb_cars_persons`;
CREATE TABLE `czb_cars_persons`  (
  `person_car_id` varchar(20) CHARACTER SET utf8 COLLATE utf8_general_ci NOT NULL,
  `person_name` varchar(20) CHARACTER SET utf8 COLLATE utf8_general_ci NULL DEFAULT NULL,
  `person_id_card` varchar(20) CHARACTER SET utf8 COLLATE utf8_general_ci NULL DEFAULT NULL,
  `car_model` varchar(20) CHARACTER SET utf8 COLLATE utf8_general_ci NULL DEFAULT NULL,
  `car_license` varchar(20) CHARACTER SET utf8 COLLATE utf8_general_ci NULL DEFAULT NULL,
  `contract_record_id` varchar(20) CHARACTER SET utf8 COLLATE utf8_general_ci NULL DEFAULT NULL,
  `plan_id` varchar(20) CHARACTER SET utf8 COLLATE utf8_general_ci NULL DEFAULT NULL,
  `petrol_type` int(1) NULL DEFAULT NULL,
  `is_signed` int(1) NULL DEFAULT NULL,
  `create_at` timestamp(0) NULL DEFAULT NULL,
  `update_at` timestamp(0) NULL DEFAULT NULL ON UPDATE CURRENT_TIMESTAMP(0),
  `identify_code` varchar(10) CHARACTER SET utf8 COLLATE utf8_general_ci NULL DEFAULT NULL,
  PRIMARY KEY (`person_car_id`) USING BTREE
) ENGINE = InnoDB CHARACTER SET = utf8 COLLATE = utf8_general_ci ROW_FORMAT = Dynamic;

-- ----------------------------
-- Records of czb_cars_persons
-- ----------------------------
INSERT INTO `czb_cars_persons` VALUES ('155791841690668', '谭深化', '500225200204037765', NULL, '西z123456', '155791841679373', '1', 2, 1, '2019-05-15 19:06:58', '2019-05-15 19:15:53', '2z272507');
INSERT INTO `czb_cars_persons` VALUES ('155792307233981', '袁才明', '500235199903289475', NULL, '豫A8757686', '155792307224125', '3', 1, 1, '2019-05-15 20:24:34', '2019-05-15 21:12:59', '25570452');
INSERT INTO `czb_cars_persons` VALUES ('155792310133111', '袁才明', '500235199903289475', NULL, '豫G685858', '155792310123214', '3', 1, 0, '2019-05-15 20:25:03', '2019-05-15 20:25:03', '5529028G');
INSERT INTO `czb_cars_persons` VALUES ('155792728214495', '周', '513701199589653256', NULL, '渝A5321', '155792728202387', '1', 2, 0, '2019-05-15 21:34:44', '2019-05-15 21:34:44', '06723216');
INSERT INTO `czb_cars_persons` VALUES ('155792730770272', '林强', '513701199509655896', NULL, '渝C5123', '155792730758107', '3', 2, 0, '2019-05-15 21:35:09', '2019-05-15 21:35:09', '1C153956');
INSERT INTO `czb_cars_persons` VALUES ('155792776292951', '林强', '500227199708106119', NULL, '渝A5132', '155792776282045', '1', 2, 1, '2019-05-15 21:42:44', '2019-05-15 21:46:13', '1A212176');
INSERT INTO `czb_cars_persons` VALUES ('155801252131334', '周', '513701199609072534', NULL, '渝A5321', '155801252119545', '2', 2, 0, '2019-05-16 21:15:22', '2019-05-16 21:15:22', '2A347500');

-- ----------------------------
-- Table structure for czb_contract_model
-- ----------------------------
DROP TABLE IF EXISTS `czb_contract_model`;
CREATE TABLE `czb_contract_model`  (
  `model_id` varchar(20) CHARACTER SET utf8 COLLATE utf8_general_ci NOT NULL,
  `yun_model_id` varchar(50) CHARACTER SET utf8 COLLATE utf8_general_ci NULL DEFAULT NULL,
  `file_id` varchar(200) CHARACTER SET utf8 COLLATE utf8_general_ci NULL DEFAULT NULL,
  `model_name` varchar(50) CHARACTER SET utf8 COLLATE utf8_general_ci NULL DEFAULT NULL,
  `create_at` timestamp(0) NULL DEFAULT NULL ON UPDATE CURRENT_TIMESTAMP(0),
  `update_at` timestamp(0) NULL DEFAULT NULL ON UPDATE CURRENT_TIMESTAMP(0),
  PRIMARY KEY (`model_id`) USING BTREE
) ENGINE = InnoDB CHARACTER SET = utf8 COLLATE = utf8_general_ci ROW_FORMAT = Dynamic;

-- ----------------------------
-- Table structure for czb_contract_records
-- ----------------------------
DROP TABLE IF EXISTS `czb_contract_records`;
CREATE TABLE `czb_contract_records`  (
  `record_id` varchar(20) CHARACTER SET utf8 COLLATE utf8_general_ci NULL DEFAULT NULL,
  `signed_time` timestamp(0) NULL DEFAULT NULL ON UPDATE CURRENT_TIMESTAMP(0),
  `user_id` varchar(20) CHARACTER SET utf8 COLLATE utf8_general_ci NULL DEFAULT NULL,
  `contract_start_time` timestamp(0) NULL DEFAULT NULL ON UPDATE CURRENT_TIMESTAMP(0),
  `contract_end_time` timestamp(0) NULL DEFAULT NULL ON UPDATE CURRENT_TIMESTAMP(0),
  `contract_state` int(1) NULL DEFAULT NULL,
  `contract_type` int(1) NULL DEFAULT NULL,
  `rent` double(10, 0) NULL DEFAULT NULL,
  `third_contract_num` varchar(20) CHARACTER SET utf8 COLLATE utf8_general_ci NULL DEFAULT NULL,
  `got_total_money` double(10, 0) NULL DEFAULT NULL,
  `judge_user_id` varchar(20) CHARACTER SET utf8 COLLATE utf8_general_ci NULL DEFAULT NULL,
  `judge_time` timestamp(0) NULL DEFAULT NULL ON UPDATE CURRENT_TIMESTAMP(0),
  `pay_total_money` double(10, 0) NULL DEFAULT NULL,
  `create_at` timestamp(0) NULL DEFAULT NULL,
  `update_at` timestamp(0) NULL DEFAULT NULL ON UPDATE CURRENT_TIMESTAMP(0),
  `contract_father_id` varchar(20) CHARACTER SET utf8 COLLATE utf8_general_ci NULL DEFAULT NULL,
  `witness_id` varchar(20) CHARACTER SET utf8 COLLATE utf8_general_ci NULL DEFAULT NULL COMMENT '合同存证id',
  `bank_of_deposit` varchar(255) CHARACTER SET utf8 COLLATE utf8_general_ci NULL DEFAULT NULL,
  `bank_account_num` varchar(30) CHARACTER SET utf8 COLLATE utf8_general_ci NULL DEFAULT NULL,
  `bank_user_name` varchar(255) CHARACTER SET utf8 COLLATE utf8_general_ci NULL DEFAULT NULL
) ENGINE = InnoDB CHARACTER SET = utf8 COLLATE = utf8_general_ci ROW_FORMAT = Dynamic;

-- ----------------------------
-- Records of czb_contract_records
-- ----------------------------
INSERT INTO `czb_contract_records` VALUES ('155791837935130', '2019-05-15 19:08:01', '155781593961203', '2019-05-15 19:08:01', '2019-05-15 19:08:01', 1, 0, NULL, '1905151907011356', NULL, NULL, '2019-05-15 19:08:01', NULL, '2019-05-15 19:06:21', '2019-05-15 19:08:01', NULL, 'CAYT5A', NULL, NULL, NULL);
INSERT INTO `czb_contract_records` VALUES ('155791841679373', '2019-05-15 19:16:22', '155782415996868', '2019-05-15 19:16:22', '2019-05-15 19:16:22', 1, 1, 10, '1905151915111591', NULL, NULL, '2019-05-15 19:16:22', NULL, NULL, '2019-05-15 19:16:22', '155791837935130', 'CAYT7J', NULL, NULL, NULL);
INSERT INTO `czb_contract_records` VALUES ('155792004781096', '2019-05-15 19:37:02', '155781593961203', '2019-05-15 19:37:02', '2019-05-15 19:37:02', 0, 0, NULL, '1905151937022187', NULL, NULL, '2019-05-15 19:37:02', NULL, '2019-05-15 19:34:09', '2019-05-15 19:37:02', NULL, NULL, NULL, NULL, NULL);
INSERT INTO `czb_contract_records` VALUES ('155792303387392', '2019-05-15 20:25:22', '155781593961203', '2019-05-15 20:25:22', '2019-05-15 20:25:22', 1, 0, NULL, '1905152025053515', NULL, NULL, '2019-05-15 20:25:22', NULL, '2019-05-15 20:23:55', '2019-05-15 20:25:22', NULL, 'CAYTOR', NULL, NULL, NULL);
INSERT INTO `czb_contract_records` VALUES ('155792307224125', '2019-05-15 21:13:00', '155782315616542', '2019-05-15 21:13:00', '2019-05-15 21:13:00', 1, 1, 26, '1905152027123541', NULL, NULL, '2019-05-15 21:13:00', NULL, NULL, '2019-05-15 21:13:00', '155792303387392', 'CAYU5O', NULL, NULL, NULL);
INSERT INTO `czb_contract_records` VALUES ('155792310123214', '2019-05-15 21:54:42', '155782315616542', '2019-05-15 21:54:42', '2019-05-15 21:54:42', 0, 1, 26, '1905152154426291', NULL, NULL, '2019-05-15 21:54:42', NULL, NULL, '2019-05-15 21:54:42', '155792303387392', NULL, NULL, NULL, NULL);
INSERT INTO `czb_contract_records` VALUES ('155792725572397', '2019-05-15 21:35:29', '155781593961203', '2019-05-15 21:35:29', '2019-05-15 21:35:29', 1, 0, NULL, '1905152135155800', NULL, NULL, '2019-05-15 21:35:29', NULL, '2019-05-15 21:34:17', '2019-05-15 21:35:29', NULL, 'CAYUBC', NULL, NULL, NULL);
INSERT INTO `czb_contract_records` VALUES ('155792728202387', NULL, NULL, '2019-05-15 09:34:00', '2020-05-15 09:34:00', 0, 1, 10, NULL, NULL, NULL, NULL, NULL, NULL, NULL, '155792725572397', NULL, NULL, NULL, NULL);
INSERT INTO `czb_contract_records` VALUES ('155792730758107', NULL, NULL, '2019-05-15 09:34:00', '2020-05-15 09:34:00', 0, 1, 26, NULL, NULL, NULL, NULL, NULL, NULL, NULL, '155792725572397', NULL, NULL, NULL, NULL);
INSERT INTO `czb_contract_records` VALUES ('155792738402529', '2019-05-15 21:36:31', '155781593961203', '2019-05-15 09:36:00', '2020-05-15 09:36:00', 0, 0, NULL, NULL, NULL, NULL, '2019-05-15 21:36:31', NULL, '2019-05-15 21:36:25', '2019-05-15 21:36:31', NULL, NULL, NULL, NULL, NULL);
INSERT INTO `czb_contract_records` VALUES ('155792769893866', '2019-05-15 21:43:02', '155781593961203', '2019-05-15 21:43:02', '2019-05-15 21:43:02', 1, 0, NULL, '1905152142486004', NULL, NULL, '2019-05-15 21:43:02', NULL, '2019-05-15 21:41:40', '2019-05-15 21:43:02', NULL, 'CAYUDB', NULL, NULL, NULL);
INSERT INTO `czb_contract_records` VALUES ('155792776282045', '2019-05-15 21:46:14', '155780071748567', '2019-05-15 21:46:14', '2019-05-15 21:46:14', 1, 1, 10, '1905152145506072', NULL, NULL, '2019-05-15 21:46:14', NULL, NULL, '2019-05-15 21:46:14', '155792769893866', 'CAYUED', NULL, NULL, NULL);
INSERT INTO `czb_contract_records` VALUES ('155792787578839', NULL, '155781593961203', NULL, NULL, 0, 0, NULL, NULL, NULL, NULL, NULL, NULL, '2019-05-15 21:44:37', NULL, NULL, NULL, NULL, NULL, NULL);
INSERT INTO `czb_contract_records` VALUES ('155792939175740', NULL, '155781593961203', NULL, NULL, 0, 0, NULL, NULL, NULL, NULL, NULL, NULL, '2019-05-15 22:09:53', NULL, NULL, NULL, NULL, NULL, NULL);
INSERT INTO `czb_contract_records` VALUES ('155797194655306', NULL, '155781593961203', NULL, NULL, 0, 0, NULL, NULL, NULL, NULL, NULL, NULL, '2019-05-16 09:59:08', NULL, NULL, NULL, NULL, NULL, NULL);
INSERT INTO `czb_contract_records` VALUES ('155797219683931', NULL, '155781593961203', NULL, NULL, 0, 0, NULL, NULL, NULL, NULL, NULL, NULL, '2019-05-16 10:03:18', NULL, NULL, NULL, NULL, NULL, NULL);
INSERT INTO `czb_contract_records` VALUES ('155797283231522', NULL, '155781593961203', NULL, NULL, 0, 0, NULL, NULL, NULL, NULL, NULL, NULL, '2019-05-16 10:13:53', NULL, NULL, NULL, NULL, NULL, NULL);
INSERT INTO `czb_contract_records` VALUES ('155797297780572', NULL, '155781593961203', NULL, NULL, 0, 0, NULL, NULL, NULL, NULL, NULL, NULL, '2019-05-16 10:16:19', NULL, NULL, NULL, NULL, NULL, NULL);
INSERT INTO `czb_contract_records` VALUES ('155797314389620', NULL, '155781593961203', NULL, NULL, 0, 0, NULL, NULL, NULL, NULL, NULL, NULL, '2019-05-16 10:19:05', NULL, NULL, NULL, NULL, NULL, NULL);
INSERT INTO `czb_contract_records` VALUES ('155797463861415', NULL, '155781593961203', NULL, NULL, 0, 0, NULL, NULL, NULL, NULL, NULL, NULL, '2019-05-16 10:44:00', NULL, NULL, NULL, NULL, NULL, NULL);
INSERT INTO `czb_contract_records` VALUES ('155797470415283', NULL, '155781593961203', NULL, NULL, 0, 0, NULL, NULL, NULL, NULL, NULL, NULL, '2019-05-16 10:45:05', NULL, NULL, NULL, NULL, NULL, NULL);
INSERT INTO `czb_contract_records` VALUES ('155797476775843', NULL, '155781593961203', NULL, NULL, 0, 0, NULL, NULL, NULL, NULL, NULL, NULL, '2019-05-16 10:46:09', NULL, NULL, NULL, NULL, NULL, NULL);
INSERT INTO `czb_contract_records` VALUES ('155797615095469', NULL, '155781593961203', NULL, NULL, 0, 0, NULL, NULL, NULL, NULL, NULL, NULL, '2019-05-16 11:09:12', NULL, NULL, NULL, NULL, NULL, NULL);
INSERT INTO `czb_contract_records` VALUES ('155797623485721', NULL, '155781593961203', NULL, NULL, 0, 0, NULL, NULL, NULL, NULL, NULL, NULL, '2019-05-16 11:10:36', NULL, NULL, NULL, NULL, NULL, NULL);
INSERT INTO `czb_contract_records` VALUES ('155797645563246', NULL, '155781593961203', NULL, NULL, 0, 0, NULL, NULL, NULL, NULL, NULL, NULL, '2019-05-16 11:14:17', NULL, NULL, NULL, NULL, NULL, NULL);
INSERT INTO `czb_contract_records` VALUES ('155797651800231', NULL, '155781593961203', NULL, NULL, 0, 0, NULL, NULL, NULL, NULL, NULL, NULL, '2019-05-16 11:15:19', NULL, NULL, NULL, NULL, NULL, NULL);
INSERT INTO `czb_contract_records` VALUES ('155797663182828', NULL, '155781593961203', NULL, NULL, 0, 0, NULL, NULL, NULL, NULL, NULL, NULL, '2019-05-16 11:17:13', NULL, NULL, NULL, NULL, NULL, NULL);
INSERT INTO `czb_contract_records` VALUES ('155797666994958', NULL, '155781593961203', NULL, NULL, 0, 0, NULL, NULL, NULL, NULL, NULL, NULL, '2019-05-16 11:17:51', NULL, NULL, NULL, NULL, NULL, NULL);
INSERT INTO `czb_contract_records` VALUES ('155797684773472', NULL, '155781593961203', NULL, NULL, 0, 0, NULL, NULL, NULL, NULL, NULL, NULL, '2019-05-16 11:20:49', NULL, NULL, NULL, NULL, NULL, NULL);
INSERT INTO `czb_contract_records` VALUES ('155797693112529', '2019-05-16 11:22:19', '155781593961203', '2019-05-16 12:00:00', '2020-05-16 12:00:00', 0, 0, NULL, NULL, NULL, NULL, '2019-05-16 11:22:19', NULL, '2019-05-16 11:22:12', '2019-05-16 11:22:19', NULL, NULL, NULL, NULL, NULL);
INSERT INTO `czb_contract_records` VALUES ('155797703548910', NULL, '155781593961203', NULL, NULL, 0, 0, NULL, NULL, NULL, NULL, NULL, NULL, '2019-05-16 11:23:57', NULL, NULL, NULL, NULL, NULL, NULL);
INSERT INTO `czb_contract_records` VALUES ('155797709794582', NULL, '155781593961203', NULL, NULL, 0, 0, NULL, NULL, NULL, NULL, NULL, NULL, '2019-05-16 11:24:59', NULL, NULL, NULL, NULL, NULL, NULL);
INSERT INTO `czb_contract_records` VALUES ('155797795033758', NULL, '155781593961203', NULL, NULL, 0, 0, NULL, NULL, NULL, NULL, NULL, NULL, '2019-05-16 11:39:12', NULL, NULL, NULL, NULL, NULL, NULL);
INSERT INTO `czb_contract_records` VALUES ('155797802829182', NULL, '155781593961203', NULL, NULL, 0, 0, NULL, NULL, NULL, NULL, NULL, NULL, '2019-05-16 11:40:29', NULL, NULL, NULL, NULL, NULL, NULL);
INSERT INTO `czb_contract_records` VALUES ('155797812320250', NULL, '155781593961203', NULL, NULL, 0, 0, NULL, NULL, NULL, NULL, NULL, NULL, '2019-05-16 11:42:04', NULL, NULL, NULL, NULL, NULL, NULL);
INSERT INTO `czb_contract_records` VALUES ('155797817546069', NULL, '155781593961203', NULL, NULL, 0, 0, NULL, NULL, NULL, NULL, NULL, NULL, '2019-05-16 11:42:57', NULL, NULL, NULL, NULL, NULL, NULL);
INSERT INTO `czb_contract_records` VALUES ('155797824641767', NULL, '155781593961203', NULL, NULL, 0, 0, NULL, NULL, NULL, NULL, NULL, NULL, '2019-05-16 11:44:08', NULL, NULL, NULL, NULL, NULL, NULL);
INSERT INTO `czb_contract_records` VALUES ('155797841994574', NULL, '155781593961203', NULL, NULL, 0, 0, NULL, NULL, NULL, NULL, NULL, NULL, '2019-05-16 11:47:01', NULL, NULL, NULL, NULL, NULL, NULL);
INSERT INTO `czb_contract_records` VALUES ('155797846337733', NULL, '155781593961203', NULL, NULL, 0, 0, NULL, NULL, NULL, NULL, NULL, NULL, '2019-05-16 11:47:45', NULL, NULL, NULL, NULL, NULL, NULL);
INSERT INTO `czb_contract_records` VALUES ('155797850684421', NULL, '155781593961203', NULL, NULL, 0, 0, NULL, NULL, NULL, NULL, NULL, NULL, '2019-05-16 11:48:28', NULL, NULL, NULL, NULL, NULL, NULL);
INSERT INTO `czb_contract_records` VALUES ('155797855313218', NULL, '155781593961203', NULL, NULL, 0, 0, NULL, NULL, NULL, NULL, NULL, NULL, '2019-05-16 11:49:14', NULL, NULL, NULL, NULL, NULL, NULL);
INSERT INTO `czb_contract_records` VALUES ('155797858483399', NULL, '155781593961203', NULL, NULL, 0, 0, NULL, NULL, NULL, NULL, NULL, NULL, '2019-05-16 11:49:46', NULL, NULL, NULL, NULL, NULL, NULL);
INSERT INTO `czb_contract_records` VALUES ('155797892085293', NULL, '155781593961203', NULL, NULL, 0, 0, NULL, NULL, NULL, NULL, NULL, NULL, '2019-05-16 11:55:22', NULL, NULL, NULL, NULL, NULL, NULL);
INSERT INTO `czb_contract_records` VALUES ('155797920103092', NULL, '155781593961203', NULL, NULL, 0, 0, NULL, NULL, NULL, NULL, NULL, NULL, '2019-05-16 12:00:02', NULL, NULL, NULL, NULL, NULL, NULL);
INSERT INTO `czb_contract_records` VALUES ('155797929373635', NULL, '155781593961203', NULL, NULL, 0, 0, NULL, NULL, NULL, NULL, NULL, NULL, '2019-05-16 12:01:35', NULL, NULL, NULL, NULL, NULL, NULL);
INSERT INTO `czb_contract_records` VALUES ('155797934288008', NULL, '155781593961203', NULL, NULL, 0, 0, NULL, NULL, NULL, NULL, NULL, NULL, '2019-05-16 12:02:24', NULL, NULL, NULL, NULL, NULL, NULL);
INSERT INTO `czb_contract_records` VALUES ('155797940942721', NULL, '155781593961203', NULL, NULL, 0, 0, NULL, NULL, NULL, NULL, NULL, NULL, '2019-05-16 12:03:31', NULL, NULL, NULL, NULL, NULL, NULL);
INSERT INTO `czb_contract_records` VALUES ('155797944905250', NULL, '155781593961203', NULL, NULL, 0, 0, NULL, NULL, NULL, NULL, NULL, NULL, '2019-05-16 12:04:10', NULL, NULL, NULL, NULL, NULL, NULL);
INSERT INTO `czb_contract_records` VALUES ('155797949759664', NULL, '155781593961203', NULL, NULL, 0, 0, NULL, NULL, NULL, NULL, NULL, NULL, '2019-05-16 12:04:59', NULL, NULL, NULL, NULL, NULL, NULL);
INSERT INTO `czb_contract_records` VALUES ('155797972944032', NULL, '155781593961203', NULL, NULL, 0, 0, NULL, NULL, NULL, NULL, NULL, NULL, '2019-05-16 12:08:51', NULL, NULL, NULL, NULL, NULL, NULL);
INSERT INTO `czb_contract_records` VALUES ('155797981047284', NULL, '155781593961203', NULL, NULL, 0, 0, NULL, NULL, NULL, NULL, NULL, NULL, '2019-05-16 12:10:12', NULL, NULL, NULL, NULL, NULL, NULL);
INSERT INTO `czb_contract_records` VALUES ('155798000982171', NULL, '155781593961203', NULL, NULL, 0, 0, NULL, NULL, NULL, NULL, NULL, NULL, '2019-05-16 12:13:31', NULL, NULL, NULL, NULL, NULL, NULL);
INSERT INTO `czb_contract_records` VALUES ('155798026081567', NULL, '155781593961203', NULL, NULL, 0, 0, NULL, NULL, NULL, NULL, NULL, NULL, '2019-05-16 12:17:42', NULL, NULL, NULL, NULL, NULL, NULL);
INSERT INTO `czb_contract_records` VALUES ('155798034244165', NULL, '155781593961203', NULL, NULL, 0, 0, NULL, NULL, NULL, NULL, NULL, NULL, '2019-05-16 12:19:04', NULL, NULL, NULL, NULL, NULL, NULL);
INSERT INTO `czb_contract_records` VALUES ('155798044801399', NULL, '155781593961203', NULL, NULL, 0, 0, NULL, NULL, NULL, NULL, NULL, NULL, '2019-05-16 12:20:49', NULL, NULL, NULL, NULL, NULL, NULL);
INSERT INTO `czb_contract_records` VALUES ('155798057361369', NULL, '155781593961203', NULL, NULL, 0, 0, NULL, NULL, NULL, NULL, NULL, NULL, '2019-05-16 12:22:55', NULL, NULL, NULL, NULL, NULL, NULL);
INSERT INTO `czb_contract_records` VALUES ('155798149144076', NULL, '155781593961203', NULL, NULL, 0, 0, NULL, NULL, NULL, NULL, NULL, NULL, '2019-05-16 12:38:13', NULL, NULL, NULL, NULL, NULL, NULL);
INSERT INTO `czb_contract_records` VALUES ('155798150786011', NULL, '155781593961203', NULL, NULL, 0, 0, NULL, NULL, NULL, NULL, NULL, NULL, '2019-05-16 12:38:29', NULL, NULL, NULL, NULL, NULL, NULL);
INSERT INTO `czb_contract_records` VALUES ('155798159437929', NULL, '155781593961203', NULL, NULL, 0, 0, NULL, NULL, NULL, NULL, NULL, NULL, '2019-05-16 12:39:56', NULL, NULL, NULL, NULL, NULL, NULL);
INSERT INTO `czb_contract_records` VALUES ('155798161166829', NULL, '155781593961203', NULL, NULL, 0, 0, NULL, NULL, NULL, NULL, NULL, NULL, '2019-05-16 12:40:13', NULL, NULL, NULL, NULL, NULL, NULL);
INSERT INTO `czb_contract_records` VALUES ('155798169072824', NULL, '155781593961203', NULL, NULL, 0, 0, NULL, NULL, NULL, NULL, NULL, NULL, '2019-05-16 12:41:32', NULL, NULL, NULL, NULL, NULL, NULL);
INSERT INTO `czb_contract_records` VALUES ('155798229936949', '2019-05-16 12:51:47', '155781593961203', '2019-05-16 12:00:00', '2020-05-16 12:00:00', 0, 0, NULL, NULL, NULL, NULL, '2019-05-16 12:51:47', NULL, '2019-05-16 12:51:41', '2019-05-16 12:51:47', NULL, NULL, NULL, NULL, NULL);
INSERT INTO `czb_contract_records` VALUES ('155798277886124', NULL, '155781593961203', NULL, NULL, 0, 0, NULL, NULL, NULL, NULL, NULL, NULL, '2019-05-16 12:59:40', NULL, NULL, NULL, NULL, NULL, NULL);
INSERT INTO `czb_contract_records` VALUES ('155798287755791', NULL, '155781593961203', NULL, NULL, 0, 0, NULL, NULL, NULL, NULL, NULL, NULL, '2019-05-16 13:01:19', NULL, NULL, NULL, NULL, NULL, NULL);
INSERT INTO `czb_contract_records` VALUES ('155798293277573', NULL, '155781593961203', NULL, NULL, 0, 0, NULL, NULL, NULL, NULL, NULL, NULL, '2019-05-16 13:02:14', NULL, NULL, NULL, NULL, NULL, NULL);
INSERT INTO `czb_contract_records` VALUES ('155798328862406', NULL, '155781593961203', NULL, NULL, 0, 0, NULL, NULL, NULL, NULL, NULL, NULL, '2019-05-16 13:08:10', NULL, NULL, NULL, NULL, NULL, NULL);
INSERT INTO `czb_contract_records` VALUES ('155798337592744', NULL, '155781593961203', NULL, NULL, 0, 0, NULL, NULL, NULL, NULL, NULL, NULL, '2019-05-16 13:09:37', NULL, NULL, NULL, NULL, NULL, NULL);
INSERT INTO `czb_contract_records` VALUES ('155798347326848', NULL, '155781593961203', NULL, NULL, 0, 0, NULL, NULL, NULL, NULL, NULL, NULL, '2019-05-16 13:11:15', NULL, NULL, NULL, NULL, NULL, NULL);
INSERT INTO `czb_contract_records` VALUES ('155798527434445', NULL, '155781593961203', NULL, NULL, 0, 0, NULL, NULL, NULL, NULL, NULL, NULL, '2019-05-16 13:41:16', NULL, NULL, NULL, NULL, NULL, NULL);
INSERT INTO `czb_contract_records` VALUES ('155798687583422', NULL, '155781593961203', NULL, NULL, 0, 0, NULL, NULL, NULL, NULL, NULL, NULL, '2019-05-16 14:07:57', NULL, NULL, NULL, NULL, NULL, NULL);
INSERT INTO `czb_contract_records` VALUES ('155798710242160', NULL, '155781593961203', NULL, NULL, 0, 0, NULL, NULL, NULL, NULL, NULL, NULL, '2019-05-16 14:11:44', NULL, NULL, NULL, NULL, NULL, NULL);
INSERT INTO `czb_contract_records` VALUES ('155798756566747', NULL, '155781593961203', NULL, NULL, 0, 0, NULL, NULL, NULL, NULL, NULL, NULL, '2019-05-16 14:19:27', NULL, NULL, NULL, NULL, NULL, NULL);
INSERT INTO `czb_contract_records` VALUES ('155798762728044', NULL, '155781593961203', NULL, NULL, 0, 0, NULL, NULL, NULL, NULL, NULL, NULL, '2019-05-16 14:20:29', NULL, NULL, NULL, NULL, NULL, NULL);
INSERT INTO `czb_contract_records` VALUES ('155798851204609', NULL, '155781593961203', NULL, NULL, 0, 0, NULL, NULL, NULL, NULL, NULL, NULL, '2019-05-16 14:35:13', NULL, NULL, NULL, NULL, NULL, NULL);
INSERT INTO `czb_contract_records` VALUES ('155798874851993', NULL, '155781593961203', NULL, NULL, 0, 0, NULL, NULL, NULL, NULL, NULL, NULL, '2019-05-16 14:39:10', NULL, NULL, NULL, NULL, NULL, NULL);
INSERT INTO `czb_contract_records` VALUES ('155799029032539', NULL, '155781593961203', NULL, NULL, 0, 0, NULL, NULL, NULL, NULL, NULL, NULL, '2019-05-16 15:04:52', NULL, NULL, NULL, NULL, NULL, NULL);
INSERT INTO `czb_contract_records` VALUES ('155799053783671', NULL, '155781593961203', NULL, NULL, 0, 0, NULL, NULL, NULL, NULL, NULL, NULL, '2019-05-16 15:08:59', NULL, NULL, NULL, NULL, NULL, NULL);
INSERT INTO `czb_contract_records` VALUES ('155799054260499', NULL, '155781593961203', NULL, NULL, 0, 0, NULL, NULL, NULL, NULL, NULL, NULL, '2019-05-16 15:09:04', NULL, NULL, NULL, NULL, NULL, NULL);
INSERT INTO `czb_contract_records` VALUES ('155799059666563', NULL, '155781593961203', NULL, NULL, 0, 0, NULL, NULL, NULL, NULL, NULL, NULL, '2019-05-16 15:09:58', NULL, NULL, NULL, NULL, NULL, NULL);
INSERT INTO `czb_contract_records` VALUES ('155799382657310', NULL, '155781593961203', NULL, NULL, 0, 0, NULL, NULL, NULL, NULL, NULL, NULL, '2019-05-16 16:03:48', NULL, NULL, NULL, NULL, NULL, NULL);
INSERT INTO `czb_contract_records` VALUES ('155800523320074', '2019-05-16 19:13:59', '155781593961203', '2019-05-16 07:13:00', '2020-05-16 07:13:00', 0, 0, NULL, NULL, NULL, NULL, '2019-05-16 19:13:59', NULL, '2019-05-16 19:13:53', '2019-05-16 19:13:59', NULL, NULL, NULL, NULL, NULL);
INSERT INTO `czb_contract_records` VALUES ('155800840864007', NULL, '155781593961203', NULL, NULL, 0, 0, NULL, NULL, NULL, NULL, NULL, NULL, '2019-05-16 20:06:50', NULL, NULL, NULL, NULL, NULL, NULL);
INSERT INTO `czb_contract_records` VALUES ('155801138334805', NULL, '155781593961203', NULL, NULL, 0, 0, NULL, NULL, NULL, NULL, NULL, NULL, '2019-05-16 20:56:25', NULL, NULL, NULL, NULL, NULL, NULL);
INSERT INTO `czb_contract_records` VALUES ('155801171266764', NULL, '155781593961203', NULL, NULL, 0, 0, NULL, NULL, NULL, NULL, NULL, NULL, '2019-05-16 21:01:54', NULL, NULL, NULL, NULL, NULL, NULL);
INSERT INTO `czb_contract_records` VALUES ('155801186726202', NULL, '155781593961203', NULL, NULL, 0, 0, NULL, NULL, NULL, NULL, NULL, NULL, '2019-05-16 21:04:29', NULL, NULL, NULL, NULL, NULL, NULL);
INSERT INTO `czb_contract_records` VALUES ('155801191403927', NULL, '155781593961203', NULL, NULL, 0, 0, NULL, NULL, NULL, NULL, NULL, NULL, '2019-05-16 21:05:16', NULL, NULL, NULL, NULL, NULL, NULL);
INSERT INTO `czb_contract_records` VALUES ('155801198746736', NULL, '155781593961203', NULL, NULL, 0, 0, NULL, NULL, NULL, NULL, NULL, NULL, '2019-05-16 21:06:29', NULL, NULL, NULL, NULL, NULL, NULL);
INSERT INTO `czb_contract_records` VALUES ('155801252119545', NULL, NULL, '2019-05-15 19:37:02', '2019-05-15 19:37:02', 0, 1, 10, NULL, NULL, NULL, NULL, NULL, NULL, NULL, '155792004781096', NULL, NULL, NULL, NULL);
INSERT INTO `czb_contract_records` VALUES ('155801431225371', NULL, '155781593961203', NULL, NULL, 0, 0, NULL, NULL, NULL, NULL, NULL, NULL, '2019-05-16 21:45:14', NULL, NULL, NULL, NULL, NULL, NULL);

-- ----------------------------
-- Table structure for czb_contract_yun_info
-- ----------------------------
DROP TABLE IF EXISTS `czb_contract_yun_info`;
CREATE TABLE `czb_contract_yun_info`  (
  `yun_contract_id` varchar(50) CHARACTER SET utf8 COLLATE utf8_general_ci NOT NULL,
  `user_id` varchar(20) CHARACTER SET utf8 COLLATE utf8_general_ci NULL DEFAULT NULL,
  `contract_id` varchar(50) CHARACTER SET utf8 COLLATE utf8_general_ci NULL DEFAULT NULL,
  `cz_id` varchar(50) CHARACTER SET utf8 COLLATE utf8_general_ci NULL DEFAULT NULL,
  `create_at` timestamp(0) NULL DEFAULT NULL,
  `update_at` timestamp(0) NULL DEFAULT NULL ON UPDATE CURRENT_TIMESTAMP(0),
  PRIMARY KEY (`yun_contract_id`) USING BTREE
) ENGINE = InnoDB CHARACTER SET = utf8 COLLATE = utf8_general_ci ROW_FORMAT = Dynamic;

-- ----------------------------
-- Table structure for czb_deposit_records
-- ----------------------------
DROP TABLE IF EXISTS `czb_deposit_records`;
CREATE TABLE `czb_deposit_records`  (
  `record_id` varchar(20) CHARACTER SET utf8 COLLATE utf8_general_ci NOT NULL,
  `payer` varchar(20) CHARACTER SET utf8 COLLATE utf8_general_ci NULL DEFAULT NULL,
  `pay_time` timestamp(0) NULL DEFAULT NULL ON UPDATE CURRENT_TIMESTAMP(0),
  `amount` double(10, 2) NULL DEFAULT NULL,
  `is_recharged` int(1) NULL DEFAULT NULL,
  `payer_id` varchar(20) CHARACTER SET utf8 COLLATE utf8_general_ci NULL DEFAULT NULL,
  `type` int(1) NULL DEFAULT NULL,
  `user_id_card` varchar(20) CHARACTER SET utf8 COLLATE utf8_general_ci NULL DEFAULT NULL,
  `create_at` timestamp(0) NULL DEFAULT NULL,
  `update_at` timestamp(0) NULL DEFAULT NULL ON UPDATE CURRENT_TIMESTAMP(0),
  PRIMARY KEY (`record_id`) USING BTREE
) ENGINE = InnoDB CHARACTER SET = utf8 COLLATE = utf8_general_ci ROW_FORMAT = Dynamic;

-- ----------------------------
-- Records of czb_deposit_records
-- ----------------------------
INSERT INTO `czb_deposit_records` VALUES ('1', NULL, '2019-05-15 04:11:13', 400.00, NULL, '155779902355425', NULL, NULL, '2019-05-15 04:11:11', '2019-05-15 04:11:13');
INSERT INTO `czb_deposit_records` VALUES ('2', NULL, '2019-05-15 04:11:17', 500.00, NULL, '155779902355425', NULL, NULL, '2019-05-17 04:11:14', '2019-05-15 04:11:17');

-- ----------------------------
-- Table structure for czb_dict
-- ----------------------------
DROP TABLE IF EXISTS `czb_dict`;
CREATE TABLE `czb_dict`  (
  `dict_id` varchar(20) CHARACTER SET utf8 COLLATE utf8_general_ci NOT NULL,
  `name` varchar(50) CHARACTER SET utf8 COLLATE utf8_general_ci NULL DEFAULT NULL,
  `content` varchar(255) CHARACTER SET utf8 COLLATE utf8_general_ci NULL DEFAULT NULL,
  `create_at` timestamp(0) NULL DEFAULT CURRENT_TIMESTAMP(0),
  `update_at` timestamp(0) NULL DEFAULT NULL ON UPDATE CURRENT_TIMESTAMP(0),
  PRIMARY KEY (`dict_id`) USING BTREE,
  UNIQUE INDEX `name`(`name`) USING BTREE
) ENGINE = InnoDB CHARACTER SET = utf8 COLLATE = utf8_general_ci ROW_FORMAT = Dynamic;

-- ----------------------------
-- Records of czb_dict
-- ----------------------------
INSERT INTO `czb_dict` VALUES ('1', 'kf1', '{\'name\': \'小雪\', \'mobile\': \'15723354978\'}', '2019-05-12 01:36:33', '2019-05-12 01:38:53');
INSERT INTO `czb_dict` VALUES ('2', 'fangyong1', '0.01', '2019-05-13 20:37:59', '2019-05-13 20:51:23');
INSERT INTO `czb_dict` VALUES ('3', 'fangyong2', '0.01', '2019-05-13 20:38:45', '2019-05-13 20:40:15');
INSERT INTO `czb_dict` VALUES ('4', 'android_version', 'V1.0', '2019-05-14 17:29:07', '2019-05-14 21:59:08');
INSERT INTO `czb_dict` VALUES ('5', 'android_description', '1.0版本 101100111011 1001 0011 1111\r\n1111 1100 0001 1010\r\n1011 1001 0011 1111\r\n1111 1100 0001 1010\r\n1011 1001 0011 1111\r\n1111 1100 0001 10101111 1100 0001 1010\r\n1011 1001 0011 1111\r\n1111 1100 0001 1010', '2019-05-14 17:29:07', '2019-05-14 21:24:54');
INSERT INTO `czb_dict` VALUES ('6', 'android_url', 'https://www.baidu.com', '2019-05-14 17:29:07', '2019-05-14 20:22:39');
INSERT INTO `czb_dict` VALUES ('7', 'ios_version', 'V1.0', '2019-05-14 17:29:07', '2019-05-14 20:51:27');
INSERT INTO `czb_dict` VALUES ('8', 'ios_description', '1.0版本 101100111011 1001 0011 1111\r\n1111 1100 0001 1010\r\n1011 1001 0011 1111\r\n1111 1100 0001 1010\r\n1011 1001 0011 1111\r\n1111 1100 0001 10101111 1100 0001 1010\r\n1011 1001 0011 1111\r\n1111 1100 0001 1010', '2019-05-14 17:29:07', '2019-05-14 21:25:04');
INSERT INTO `czb_dict` VALUES ('9', 'ios_url', 'https://www.baidu.com', '2019-05-14 17:29:07', '2019-05-14 20:22:42');

-- ----------------------------
-- Table structure for czb_enterprise_info
-- ----------------------------
DROP TABLE IF EXISTS `czb_enterprise_info`;
CREATE TABLE `czb_enterprise_info`  (
  `enterprise_info_id` varchar(20) CHARACTER SET utf8 COLLATE utf8_general_ci NOT NULL,
  `enterprise_name` varchar(20) CHARACTER SET utf8 COLLATE utf8_general_ci NULL DEFAULT NULL,
  `legal_person` varchar(20) CHARACTER SET utf8 COLLATE utf8_general_ci NULL DEFAULT NULL,
  `contact_info` varchar(20) CHARACTER SET utf8 COLLATE utf8_general_ci NULL DEFAULT NULL,
  `is_deleted` int(1) NULL DEFAULT NULL,
  `user_id` varchar(20) CHARACTER SET utf8 COLLATE utf8_general_ci NULL DEFAULT NULL,
  `org_code` varchar(30) CHARACTER SET utf8 COLLATE utf8_general_ci NULL DEFAULT NULL,
  `create_at` timestamp(0) NULL DEFAULT NULL,
  `update_at` timestamp(0) NULL DEFAULT NULL ON UPDATE CURRENT_TIMESTAMP(0),
  `enterprise_yun_id` varchar(255) CHARACTER SET utf8 COLLATE utf8_general_ci NULL DEFAULT NULL,
  PRIMARY KEY (`enterprise_info_id`) USING BTREE
) ENGINE = InnoDB CHARACTER SET = utf8 COLLATE = utf8_general_ci ROW_FORMAT = Dynamic;

-- ----------------------------
-- Records of czb_enterprise_info
-- ----------------------------
INSERT INTO `czb_enterprise_info` VALUES ('155780028379577', '重庆叮铛猫网络科技有限公司', '周捷', '18375786978', 0, '155780028358627', '91500107MA5YQU0F3L', '2019-05-14 02:18:04', NULL, NULL);
INSERT INTO `czb_enterprise_info` VALUES ('155781593980271', '百度烤肉', '平措', '15870596710', 0, '155781593961203', '92542221MA6T2Y4P8X', '2019-05-14 14:39:00', NULL, NULL);

-- ----------------------------
-- Table structure for czb_file
-- ----------------------------
DROP TABLE IF EXISTS `czb_file`;
CREATE TABLE `czb_file`  (
  `file_id` varchar(20) CHARACTER SET utf8 COLLATE utf8_general_ci NOT NULL,
  `file_name` varchar(255) CHARACTER SET utf8 COLLATE utf8_general_ci NULL DEFAULT NULL,
  `uploader` varchar(20) CHARACTER SET utf8 COLLATE utf8_general_ci NULL DEFAULT NULL,
  `save_path` varchar(255) CHARACTER SET utf8 COLLATE utf8_general_ci NULL DEFAULT NULL,
  `remark` varchar(255) CHARACTER SET utf8 COLLATE utf8_general_ci NULL DEFAULT NULL,
  `create_at` timestamp(0) NULL DEFAULT NULL,
  `update_at` timestamp(0) NULL DEFAULT NULL ON UPDATE CURRENT_TIMESTAMP(0),
  PRIMARY KEY (`file_id`) USING BTREE
) ENGINE = InnoDB CHARACTER SET = utf8 COLLATE = utf8_general_ci ROW_FORMAT = Dynamic;

-- ----------------------------
-- Records of czb_file
-- ----------------------------
INSERT INTO `czb_file` VALUES ('1', 'nihao', '1', 'http://www.paochefang.com/wp-content/uploads/paoimage/2013/07/014807keN.jpg', 'wqe', '2019-05-14 15:03:04', '2019-05-08 01:06:03');
INSERT INTO `czb_file` VALUES ('155730242909134', '1.jpg', '123456', 'http://czb-file.oss-cn-zhangjiakou.aliyuncs.com/1557302427548921.jpg?Expires=4710902429&OSSAccessKeyId=LTAIjqFIGExMo9vx&Signature=NhYrgeKU3X4ld5sjHc1MJ69xcMM%3D', NULL, '2019-05-08 16:00:29', '2019-05-08 16:00:29');
INSERT INTO `czb_file` VALUES ('155730372726974', '2.jpg', '123456', 'http://czb-file.oss-cn-zhangjiakou.aliyuncs.com/1557303726816832.jpg?Expires=4710903727&OSSAccessKeyId=LTAIjqFIGExMo9vx&Signature=UElE8oIk2Kzy1dy6cH1ZTQ5hX0c%3D', NULL, '2019-05-08 16:22:07', '2019-05-08 16:22:07');
INSERT INTO `czb_file` VALUES ('155730744793887', '1.jpg', '123456', 'http://czb-file.oss-cn-zhangjiakou.aliyuncs.com/1557307446788111.jpg?Expires=4710907447&OSSAccessKeyId=LTAIjqFIGExMo9vx&Signature=y5iI5UKM3ZnZWeHoT8QSo3sHgck%3D', NULL, '2019-05-08 17:24:08', '2019-05-08 17:24:08');
INSERT INTO `czb_file` VALUES ('155738800491747', '1.jpg', '123456', 'http://czb-file.oss-cn-zhangjiakou.aliyuncs.com/1557388004567891.jpg?Expires=4710988004&OSSAccessKeyId=LTAIjqFIGExMo9vx&Signature=CajQ7kUkQWDQdRlJ0RxFfhECves%3D', NULL, '2019-05-09 07:46:45', '2019-05-09 07:46:45');
INSERT INTO `czb_file` VALUES ('155738812736581', '1.jpg', '123456', 'http://czb-file.oss-cn-zhangjiakou.aliyuncs.com/1557388127213241.jpg?Expires=4710988127&OSSAccessKeyId=LTAIjqFIGExMo9vx&Signature=j1oN02emN/V9M1dKKEmpURImCjA%3D', NULL, '2019-05-09 07:48:47', '2019-05-09 07:48:47');
INSERT INTO `czb_file` VALUES ('155738824716140', '1.jpg', '123456', 'http://czb-file.oss-cn-zhangjiakou.aliyuncs.com/1557388247018921.jpg?Expires=4710988247&OSSAccessKeyId=LTAIjqFIGExMo9vx&Signature=TaFchOeyQihzBxKqr9pZEvZ81PI%3D', NULL, '2019-05-09 07:50:47', '2019-05-09 07:50:47');
INSERT INTO `czb_file` VALUES ('155738829543989', '2c6bee4cc6decf8170756b81c009821b.jpg', '123456', 'http://czb-file.oss-cn-zhangjiakou.aliyuncs.com/1557388294171032c6bee4cc6decf8170756b81c009821b.jpg?Expires=4710988295&OSSAccessKeyId=LTAIjqFIGExMo9vx&Signature=D2EtM/%2BwwN/6V669%2B/FNZC5jCHU%3D', NULL, '2019-05-09 07:51:35', '2019-05-09 07:51:35');
INSERT INTO `czb_file` VALUES ('155738829736787', '2c6bee4cc6decf8170756b81c009821b.jpg', '123456', 'http://czb-file.oss-cn-zhangjiakou.aliyuncs.com/1557388294706902c6bee4cc6decf8170756b81c009821b.jpg?Expires=4710988297&OSSAccessKeyId=LTAIjqFIGExMo9vx&Signature=GL1u5h/oDnpT0yLmGUx4kDfJlvY%3D', NULL, '2019-05-09 07:51:37', '2019-05-09 07:51:37');
INSERT INTO `czb_file` VALUES ('155738846725170', '2.jpg', '123456', 'http://czb-file.oss-cn-zhangjiakou.aliyuncs.com/1557388467078382.jpg?Expires=4710988467&OSSAccessKeyId=LTAIjqFIGExMo9vx&Signature=6M3Bn15z/0IaeWwj3NrJDsMJm8Q%3D', NULL, '2019-05-09 07:54:27', '2019-05-09 07:54:27');
INSERT INTO `czb_file` VALUES ('155738851918447', '2c6bee4cc6decf8170756b81c009821b.jpg', '123456', 'http://czb-file.oss-cn-zhangjiakou.aliyuncs.com/1557388518009152c6bee4cc6decf8170756b81c009821b.jpg?Expires=4710988519&OSSAccessKeyId=LTAIjqFIGExMo9vx&Signature=NNq68Oog8MbPF/EhAniHqJ3ttiQ%3D', NULL, '2019-05-09 07:55:19', '2019-05-09 07:55:19');
INSERT INTO `czb_file` VALUES ('155738914475255', '0311bab1bfc81c0eb20884383788967b.jpg', '123456', 'http://czb-file.oss-cn-zhangjiakou.aliyuncs.com/1557389144426890311bab1bfc81c0eb20884383788967b.jpg?Expires=4710989144&OSSAccessKeyId=LTAIjqFIGExMo9vx&Signature=TCDJS/shtq%2BNWwvFmaPd2DBpQhs%3D', NULL, '2019-05-09 08:05:45', '2019-05-09 08:05:45');
INSERT INTO `czb_file` VALUES ('155738925514405', '2c6bee4cc6decf8170756b81c009821b.jpg', '123456', 'http://czb-file.oss-cn-zhangjiakou.aliyuncs.com/1557389253882512c6bee4cc6decf8170756b81c009821b.jpg?Expires=4710989255&OSSAccessKeyId=LTAIjqFIGExMo9vx&Signature=ljHPky0%2BxlQB18MKG6u7WrxKb/Y%3D', NULL, '2019-05-09 08:07:35', '2019-05-09 08:07:35');
INSERT INTO `czb_file` VALUES ('155739031772786', '1.jpg', '123456', 'http://czb-file.oss-cn-zhangjiakou.aliyuncs.com/1557390317590451.jpg?Expires=4710990317&OSSAccessKeyId=LTAIjqFIGExMo9vx&Signature=3sUUAtR0Zv6vpVysnb3ZuveZxo8%3D', NULL, '2019-05-09 08:25:18', '2019-05-09 08:25:18');
INSERT INTO `czb_file` VALUES ('155739064261768', '3.jpg', '123456', 'http://czb-file.oss-cn-zhangjiakou.aliyuncs.com/1557390642399033.jpg?Expires=4710990642&OSSAccessKeyId=LTAIjqFIGExMo9vx&Signature=aZmbF0ya8aGqBEJsNHFH%2BcVTEnU%3D', NULL, '2019-05-09 08:30:43', '2019-05-09 08:30:43');
INSERT INTO `czb_file` VALUES ('155739081932920', '1.jpg', '123456', 'http://czb-file.oss-cn-zhangjiakou.aliyuncs.com/1557390819204691.jpg?Expires=4710990819&OSSAccessKeyId=LTAIjqFIGExMo9vx&Signature=PyhwfQ3EevLGAfsrx%2B8UNwe5ESE%3D', NULL, '2019-05-09 08:33:39', '2019-05-09 08:33:39');
INSERT INTO `czb_file` VALUES ('155739088521312', '5.jpg', '123456', 'http://czb-file.oss-cn-zhangjiakou.aliyuncs.com/1557754657267141.jpg?Expires=4711354657&OSSAccessKeyId=LTAIjqFIGExMo9vx&Signature=Z%2BPVbYgUGZt3akwvRIXu6puarF0%3D', NULL, '2019-05-09 08:34:45', '2019-05-13 13:37:38');
INSERT INTO `czb_file` VALUES ('155739348598592', 'app菜单配置接口.docx', '155583812434620', 'http://czb-file.oss-cn-zhangjiakou.aliyuncs.com/155739348572154app%E8%8F%9C%E5%8D%95%E9%85%8D%E7%BD%AE%E6%8E%A5%E5%8F%A3.docx?Expires=4710993485&OSSAccessKeyId=LTAIjqFIGExMo9vx&Signature=hPQ20lxIDEfMnwze3XKdtnq2I/M%3D', NULL, '2019-05-09 09:18:06', '2019-05-09 09:18:06');
INSERT INTO `czb_file` VALUES ('155740080319042', 'u=394558962,2184217689&fm=27&gp=0.jpg', '123456', 'http://czb-file.oss-cn-zhangjiakou.aliyuncs.com/155740080293550u%3D394558962%2C2184217689%26fm%3D27%26gp%3D0.jpg?Expires=4711000803&OSSAccessKeyId=LTAIjqFIGExMo9vx&Signature=pNQZ2ijAp7XShRn6meLXHI6BKqo%3D', NULL, '2019-05-09 11:20:03', '2019-05-09 11:20:03');
INSERT INTO `czb_file` VALUES ('155740093361079', '3.jpg', '123456', 'http://czb-file.oss-cn-zhangjiakou.aliyuncs.com/1557400933419733.jpg?Expires=4711000933&OSSAccessKeyId=LTAIjqFIGExMo9vx&Signature=wnmUQytNyD5qA5soM2rngBvF7Xw%3D', NULL, '2019-05-09 11:22:14', '2019-05-09 11:22:14');
INSERT INTO `czb_file` VALUES ('155764955071927', '尼尔森十项启发式原则.doc', '155583812434620', 'http://czb-file.oss-cn-zhangjiakou.aliyuncs.com/155764955026548%E5%B0%BC%E5%B0%94%E6%A3%AE%E5%8D%81%E9%A1%B9%E5%90%AF%E5%8F%91%E5%BC%8F%E5%8E%9F%E5%88%99.doc?Expires=4711249550&OSSAccessKeyId=LTAIjqFIGExMo9vx&Signature=u59addiqLth///%2BB0z7/OCBVtQU%3D', NULL, '2019-05-12 08:25:51', '2019-05-12 08:25:51');
INSERT INTO `czb_file` VALUES ('155764971578915', '新建 DOC 文档.doc', '155583812434620', 'http://czb-file.oss-cn-zhangjiakou.aliyuncs.com/155764971552283%E6%96%B0%E5%BB%BA%20DOC%20%E6%96%87%E6%A1%A3.doc?Expires=4711249715&OSSAccessKeyId=LTAIjqFIGExMo9vx&Signature=FyqRWT1/2iIqJfPE%2BTA8twYiDbg%3D', NULL, '2019-05-12 08:28:36', '2019-05-12 08:28:36');
INSERT INTO `czb_file` VALUES ('155764973236565', '新建 DOC 文档.doc', '155583812434620', 'http://czb-file.oss-cn-zhangjiakou.aliyuncs.com/155764973225482%E6%96%B0%E5%BB%BA%20DOC%20%E6%96%87%E6%A1%A3.doc?Expires=4711249732&OSSAccessKeyId=LTAIjqFIGExMo9vx&Signature=rzyNoa/0DGbWHVDIKyBNiz5NOpQ%3D', NULL, '2019-05-12 08:28:52', '2019-05-12 08:28:52');
INSERT INTO `czb_file` VALUES ('155780075139818', '9dcc3ef6ae0696534107ce2b13f81a03.jpg', '123456', 'http://czb-file.oss-cn-zhangjiakou.aliyuncs.com/1557800750960639dcc3ef6ae0696534107ce2b13f81a03.jpg?Expires=4711400751&OSSAccessKeyId=LTAIjqFIGExMo9vx&Signature=Pq/mrgaU/2l8Zm7d0RElIiOCdJ8%3D', NULL, '2019-05-14 02:25:51', '2019-05-14 02:25:51');
INSERT INTO `czb_file` VALUES ('155780079185073', 'ChMkJld2O0GIPdSbAAtP7L6piRwAATIkgCY3TgAC1AE489.jpg', '123456', 'http://czb-file.oss-cn-zhangjiakou.aliyuncs.com/155780078825124ChMkJld2O0GIPdSbAAtP7L6piRwAATIkgCY3TgAC1AE489.jpg?Expires=4711400791&OSSAccessKeyId=LTAIjqFIGExMo9vx&Signature=KA7YCFB5UxBI42%2B45uni5nBXNwg%3D', NULL, '2019-05-14 02:26:32', '2019-05-14 02:26:32');
INSERT INTO `czb_file` VALUES ('155785068150970', 'TIM图片20190515001443.jpg', '123456', 'http://czb-file.oss-cn-zhangjiakou.aliyuncs.com/155785068070755TIM%E5%9B%BE%E7%89%8720190515001443.jpg?Expires=4711450681&OSSAccessKeyId=LTAIjqFIGExMo9vx&Signature=AoXg8z4dE6hxMQVQBOxjjtiVIXM%3D', NULL, '2019-05-15 00:18:02', '2019-05-15 00:18:02');
INSERT INTO `czb_file` VALUES ('155785078737535', 'TIM图片20190515001443.jpg', '123456', 'http://czb-file.oss-cn-zhangjiakou.aliyuncs.com/155785078698492TIM%E5%9B%BE%E7%89%8720190515001443.jpg?Expires=4711450787&OSSAccessKeyId=LTAIjqFIGExMo9vx&Signature=JVoCQjRk3NcnKeF9cAAIZoQXEUU%3D', NULL, '2019-05-15 00:19:47', '2019-05-15 00:19:47');
INSERT INTO `czb_file` VALUES ('155785083186792', 'TIM图片20190515001443.jpg', '123456', 'http://czb-file.oss-cn-zhangjiakou.aliyuncs.com/155785083145467TIM%E5%9B%BE%E7%89%8720190515001443.jpg?Expires=4711450831&OSSAccessKeyId=LTAIjqFIGExMo9vx&Signature=PPXxrm0J4274DZ4OvXib96kfSac%3D', NULL, '2019-05-15 00:20:32', '2019-05-15 00:20:32');
INSERT INTO `czb_file` VALUES ('155785414451493', 'TIM图片20190515001443.jpg', '123456', 'http://czb-file.oss-cn-zhangjiakou.aliyuncs.com/155785414362984TIM%E5%9B%BE%E7%89%8720190515001443.jpg?Expires=4711454144&OSSAccessKeyId=LTAIjqFIGExMo9vx&Signature=DadBoRnI694BdOLCf4Lr76ZsH/s%3D', NULL, '2019-05-15 01:15:45', '2019-05-15 01:15:45');
INSERT INTO `czb_file` VALUES ('155785421631736', 'TIM图片20190515001443.jpg', '123456', 'http://czb-file.oss-cn-zhangjiakou.aliyuncs.com/155785421580618TIM%E5%9B%BE%E7%89%8720190515001443.jpg?Expires=4711454216&OSSAccessKeyId=LTAIjqFIGExMo9vx&Signature=O1mXODfIgrG8%2BUMSlyjV3p96iVI%3D', NULL, '2019-05-15 01:16:56', '2019-05-15 01:16:56');
INSERT INTO `czb_file` VALUES ('155785435331149', 'TIM图片20190515001443.jpg', '123456', 'http://czb-file.oss-cn-zhangjiakou.aliyuncs.com/155785435280613TIM%E5%9B%BE%E7%89%8720190515001443.jpg?Expires=4711454353&OSSAccessKeyId=LTAIjqFIGExMo9vx&Signature=We3Om7F14TDcVbZbUjMQUTfCAZc%3D', NULL, '2019-05-15 01:19:13', '2019-05-15 01:19:13');
INSERT INTO `czb_file` VALUES ('155788481212286', '5555.jpg', '123456', 'http://czb-file.oss-cn-zhangjiakou.aliyuncs.com/1557884803571065555.jpg?Expires=4711484812&OSSAccessKeyId=LTAIjqFIGExMo9vx&Signature=v0mx5ImnHHKlKIKZFEjdsUlbIUY%3D', NULL, '2019-05-15 09:46:52', '2019-05-15 09:46:52');
INSERT INTO `czb_file` VALUES ('155789580629817', '5555.jpg', '123456', 'http://czb-file.oss-cn-zhangjiakou.aliyuncs.com/1557895800245195555.jpg?Expires=4711495806&OSSAccessKeyId=LTAIjqFIGExMo9vx&Signature=0qMa8GIQEKGGHNXFkcyJQUnJkaE%3D', NULL, '2019-05-15 12:50:06', '2019-05-15 12:50:06');
INSERT INTO `czb_file` VALUES ('2', 'nihao', '3', 'http://www.paochefang.com/wp-content/uploads/paoimage/2013/07/014635JO2.jpg', 'wqe', '2019-04-17 15:03:40', '2019-05-08 01:05:56');
INSERT INTO `czb_file` VALUES ('3', 'qwe', '1', 'https://www.jyacht.com/upload12xc/month_1310/201310211314556048.jpg', 'asf', '2019-05-29 15:03:53', '2019-05-29 15:03:56');

-- ----------------------------
-- Table structure for czb_income_log
-- ----------------------------
DROP TABLE IF EXISTS `czb_income_log`;
CREATE TABLE `czb_income_log`  (
  `record_id` varchar(20) CHARACTER SET utf8 COLLATE utf8_general_ci NOT NULL,
  `amount` double(10, 2) NULL DEFAULT NULL,
  `type` int(1) NULL DEFAULT NULL,
  `info_id` varchar(20) CHARACTER SET utf8 COLLATE utf8_general_ci NULL DEFAULT NULL,
  `before_change_income` double(10, 2) NULL DEFAULT NULL,
  `remark` varchar(255) CHARACTER SET utf8 COLLATE utf8_general_ci NULL DEFAULT NULL,
  `souse_id` varchar(20) CHARACTER SET utf8 COLLATE utf8_general_ci NULL DEFAULT NULL,
  `create_at` timestamp(0) NULL DEFAULT NULL,
  `update_at` timestamp(0) NULL DEFAULT NULL ON UPDATE CURRENT_TIMESTAMP(0),
  `withdraw_to` varchar(50) CHARACTER SET utf8 COLLATE utf8_general_ci NULL DEFAULT NULL,
  `withdraw_name` varchar(50) CHARACTER SET utf8 COLLATE utf8_general_ci NULL DEFAULT NULL,
  `withdraw_account` double(10, 2) NULL DEFAULT NULL,
  PRIMARY KEY (`record_id`) USING BTREE
) ENGINE = InnoDB CHARACTER SET = utf8 COLLATE = utf8_general_ci ROW_FORMAT = Dynamic;

-- ----------------------------
-- Records of czb_income_log
-- ----------------------------
INSERT INTO `czb_income_log` VALUES ('155781159737036', 0.00, 0, '155779997702468', 0.00, NULL, '15578249612861c5-4', '2019-05-14 16:22:14', '2019-05-14 17:34:50', NULL, NULL, NULL);
INSERT INTO `czb_income_log` VALUES ('155781176849072', 0.00, 1, '155779997702468', 0.00, NULL, '15578249612763c5-4', '2019-05-14 16:22:19', '2019-05-14 17:34:54', NULL, NULL, NULL);
INSERT INTO `czb_income_log` VALUES ('155782056337796', 0.00, 3, '155779997702468', 0.00, NULL, '15578249612762c5-4', '2019-05-14 16:22:21', '2019-05-14 17:34:56', NULL, NULL, NULL);
INSERT INTO `czb_income_log` VALUES ('155782475542523', 0.00, 4, '155782475531775', 0.00, NULL, '15578249612769c5-4', '2019-05-14 17:17:29', '2019-05-14 17:34:59', NULL, NULL, NULL);
INSERT INTO `czb_income_log` VALUES ('155782497964847', 0.00, 0, '155782475531775', 0.00, NULL, '15578249612761c5-4', '2019-05-12 17:09:40', '2019-05-14 17:35:02', NULL, NULL, NULL);
INSERT INTO `czb_income_log` VALUES ('155782497996360', 0.00, 1, '155782417823611', 0.00, NULL, '15578249612761c5-4', '2019-05-12 17:09:40', '2019-05-14 17:35:04', NULL, NULL, NULL);
INSERT INTO `czb_income_log` VALUES ('155782504319030', 0.00, 3, '155782475531775', 0.00, NULL, '15578250271406ad-4', '2019-05-11 17:10:43', '2019-05-14 17:35:06', NULL, NULL, NULL);
INSERT INTO `czb_income_log` VALUES ('155782504351587', 0.00, 4, '155782417823611', 0.00, NULL, '15578250271406ad-4', '2019-05-10 17:10:44', '2019-05-14 17:35:08', NULL, NULL, NULL);
INSERT INTO `czb_income_log` VALUES ('155782510678600', 0.00, 0, '155782405419693', 0.00, NULL, '15578251009185e8-4', '2019-05-09 17:11:47', '2019-05-14 17:35:10', NULL, NULL, NULL);
INSERT INTO `czb_income_log` VALUES ('155782512141863', 0.00, 1, '155782405419693', 0.00, NULL, '15578251163779cb-4', '2019-05-09 17:12:02', '2019-05-14 17:35:12', NULL, NULL, NULL);
INSERT INTO `czb_income_log` VALUES ('155782634242025', 0.00, 0, '155782475531775', 0.00, NULL, '155782633626470c-4', '2019-05-14 17:32:23', '2019-05-14 17:32:23', NULL, NULL, NULL);
INSERT INTO `czb_income_log` VALUES ('155782635481974', 0.00, 0, '155782475531775', 0.00, NULL, '1557826348525c67-4', '2019-05-14 17:32:35', '2019-05-14 17:32:35', NULL, NULL, NULL);
INSERT INTO `czb_income_log` VALUES ('155782636633407', 0.00, 0, '155782475531775', 0.00, NULL, '15578263601921f4-4', '2019-05-14 17:32:47', '2019-05-14 17:32:47', NULL, NULL, NULL);
INSERT INTO `czb_income_log` VALUES ('155782651642542', 0.00, 0, '155782475531775', 0.00, NULL, '1557826348525c67-4', '2019-05-14 17:35:17', '2019-05-14 17:35:17', NULL, NULL, NULL);
INSERT INTO `czb_income_log` VALUES ('155782720943844', 0.00, 0, '155782475531775', 0.00, NULL, '1557826348525c67-4', '2019-05-14 17:46:50', '2019-05-14 17:46:50', NULL, NULL, NULL);
INSERT INTO `czb_income_log` VALUES ('155782720975377', 0.00, 0, '155782394825657', 0.00, NULL, '1557826348525c67-4', '2019-05-14 17:46:50', '2019-05-14 17:46:50', NULL, NULL, NULL);
INSERT INTO `czb_income_log` VALUES ('155782840312204', 0.00, 0, '155782475531775', 0.00, NULL, '155782839670038e-4', '2019-05-14 18:06:43', '2019-05-14 18:06:43', NULL, NULL, NULL);
INSERT INTO `czb_income_log` VALUES ('155782840344934', 0.00, 0, '155782394825657', 0.00, NULL, '155782839670038e-4', '2019-05-14 18:06:44', '2019-05-14 18:06:44', NULL, NULL, NULL);
INSERT INTO `czb_income_log` VALUES ('155783270079366', 0.00, 0, '155783270068799', 0.00, NULL, '1557832621810434-4', '2019-05-14 19:18:21', '2019-05-14 19:18:21', NULL, NULL, NULL);
INSERT INTO `czb_income_log` VALUES ('155783270111103', 0.00, 0, '155779997702468', 0.00, NULL, '1557832621810434-4', '2019-05-14 19:18:21', '2019-05-14 19:18:21', NULL, NULL, NULL);
INSERT INTO `czb_income_log` VALUES ('155783513223455', 0.00, 0, '155782475531775', 0.00, NULL, '155783512221152e-4', '2019-05-14 19:58:53', '2019-05-14 19:58:53', NULL, NULL, NULL);
INSERT INTO `czb_income_log` VALUES ('155783513254934', 0.00, 0, '155782352141880', 0.00, NULL, '155783512221152e-4', '2019-05-14 19:58:53', '2019-05-14 19:58:53', NULL, NULL, NULL);
INSERT INTO `czb_income_log` VALUES ('155784363014185', 0.00, 0, '155782475531775', 0.00, NULL, '1557843624027e57-4', '2019-05-14 22:20:31', '2019-05-14 22:20:31', NULL, NULL, NULL);
INSERT INTO `czb_income_log` VALUES ('155784363043628', 0.00, 0, '155783409286452', 0.00, NULL, '1557843624027e57-4', '2019-05-14 22:20:31', '2019-05-14 22:20:31', NULL, NULL, NULL);
INSERT INTO `czb_income_log` VALUES ('155784364758930', 0.00, 0, '155782475531775', 0.00, NULL, '1557843642408b5a-4', '2019-05-14 22:20:48', '2019-05-14 22:20:48', NULL, NULL, NULL);
INSERT INTO `czb_income_log` VALUES ('155784364790324', 0.00, 0, '155783409286452', 0.00, NULL, '1557843642408b5a-4', '2019-05-14 22:20:48', '2019-05-14 22:20:48', NULL, NULL, NULL);
INSERT INTO `czb_income_log` VALUES ('155784366116526', 0.00, 0, '155782475531775', 0.00, NULL, '15578436550848fa-4', '2019-05-14 22:21:02', '2019-05-14 22:21:02', NULL, NULL, NULL);
INSERT INTO `czb_income_log` VALUES ('155784366146219', 0.00, 0, '155783409286452', 0.00, NULL, '15578436550848fa-4', '2019-05-14 22:21:02', '2019-05-14 22:21:02', NULL, NULL, NULL);
INSERT INTO `czb_income_log` VALUES ('155784368915417', 0.00, 0, '155782475531775', 0.00, NULL, '155784368125672a-4', '2019-05-14 22:21:30', '2019-05-14 22:21:30', NULL, NULL, NULL);
INSERT INTO `czb_income_log` VALUES ('155784368946943', 0.00, 0, '155782352141880', 0.00, NULL, '155784368125672a-4', '2019-05-14 22:21:30', '2019-05-14 22:21:30', NULL, NULL, NULL);
INSERT INTO `czb_income_log` VALUES ('155784369020390', 0.00, 0, '155782475531775', 0.00, NULL, '1557843684312754-4', '2019-05-14 22:21:31', '2019-05-14 22:21:31', NULL, NULL, NULL);
INSERT INTO `czb_income_log` VALUES ('155784369049672', 0.00, 0, '155783409286452', 0.00, NULL, '1557843684312754-4', '2019-05-14 22:21:31', '2019-05-14 22:21:31', NULL, NULL, NULL);
INSERT INTO `czb_income_log` VALUES ('155784501715809', 0.00, 0, '155782405419693', 0.00, NULL, '1557845007084e6d-4', '2019-05-14 22:43:38', '2019-05-14 22:43:38', NULL, NULL, NULL);
INSERT INTO `czb_income_log` VALUES ('155784504358041', 0.00, 0, '155782405419693', 0.00, NULL, '15578450376098ae-4', '2019-05-14 22:44:04', '2019-05-14 22:44:04', NULL, NULL, NULL);
INSERT INTO `czb_income_log` VALUES ('155784586798381', 0.00, 0, '155782405419693', 0.00, NULL, '1557845854435268-4', '2019-05-14 22:57:48', '2019-05-14 22:57:48', NULL, NULL, NULL);
INSERT INTO `czb_income_log` VALUES ('155784594737195', 0.00, 0, '155782405419693', 0.00, NULL, '15578459313181e7-4', '2019-05-14 22:59:08', '2019-05-14 22:59:08', NULL, NULL, NULL);
INSERT INTO `czb_income_log` VALUES ('155784610691856', 0.00, 0, '155783270068799', 0.00, NULL, '1557846068721314-4', '2019-05-14 23:01:47', '2019-05-14 23:01:47', NULL, NULL, NULL);
INSERT INTO `czb_income_log` VALUES ('155784610723865', 0.00, 0, '155779997702468', 0.00, NULL, '1557846068721314-4', '2019-05-14 23:01:48', '2019-05-14 23:01:48', NULL, NULL, NULL);
INSERT INTO `czb_income_log` VALUES ('155784693348856', 0.00, 0, '155782405419693', 0.00, NULL, '1557846917900cf6-4', '2019-05-14 23:15:34', '2019-05-14 23:15:34', NULL, NULL, NULL);
INSERT INTO `czb_income_log` VALUES ('155784704482989', 0.00, 0, '155783270068799', 0.00, NULL, '15578470335496b8-4', '2019-05-14 23:17:25', '2019-05-14 23:17:25', NULL, NULL, NULL);
INSERT INTO `czb_income_log` VALUES ('155784704514793', 0.00, 0, '155779997702468', 0.00, NULL, '15578470335496b8-4', '2019-05-14 23:17:26', '2019-05-14 23:17:26', NULL, NULL, NULL);
INSERT INTO `czb_income_log` VALUES ('155784710611615', 0.00, 0, '155782405419693', 0.00, NULL, '15578470995229bd-4', '2019-05-14 23:18:27', '2019-05-14 23:18:27', NULL, NULL, NULL);
INSERT INTO `czb_income_log` VALUES ('155784718514330', 0.00, 0, '155782405419693', 0.00, NULL, '1557847179954af2-4', '2019-05-14 23:19:46', '2019-05-14 23:19:46', NULL, NULL, NULL);
INSERT INTO `czb_income_log` VALUES ('155784752447571', 0.00, 0, '155783270068799', 0.00, NULL, '155784751343093a-4', '2019-05-14 23:25:25', '2019-05-14 23:25:25', NULL, NULL, NULL);
INSERT INTO `czb_income_log` VALUES ('155784752476437', 0.00, 0, '155779997702468', 0.00, NULL, '155784751343093a-4', '2019-05-14 23:25:25', '2019-05-14 23:25:25', NULL, NULL, NULL);
INSERT INTO `czb_income_log` VALUES ('155784944291596', 0.00, 0, '155783270068799', 0.00, NULL, '15578494138142a0-4', '2019-05-14 23:57:22', '2019-05-14 23:57:22', NULL, NULL, NULL);
INSERT INTO `czb_income_log` VALUES ('155784944292911', 0.00, 0, '155779997702468', 0.00, NULL, '15578494138142a0-4', '2019-05-14 23:57:22', '2019-05-14 23:57:22', NULL, NULL, NULL);
INSERT INTO `czb_income_log` VALUES ('155785203299631', 0.00, 0, '155783270068799', 0.00, NULL, '1557852002518035-4', '2019-05-15 00:40:33', '2019-05-15 00:40:33', NULL, NULL, NULL);
INSERT INTO `czb_income_log` VALUES ('155785203301476', 0.00, 0, '155779997702468', 0.00, NULL, '1557852002518035-4', '2019-05-15 00:40:33', '2019-05-15 00:40:33', NULL, NULL, NULL);
INSERT INTO `czb_income_log` VALUES ('155785653445167', 0.00, 0, '155783270068799', 0.00, NULL, '1557856501167501-4', '2019-05-15 01:55:34', '2019-05-15 01:55:34', NULL, NULL, NULL);
INSERT INTO `czb_income_log` VALUES ('155785653446561', 0.00, 0, '155779997702468', 0.00, NULL, '1557856501167501-4', '2019-05-15 01:55:34', '2019-05-15 01:55:34', NULL, NULL, NULL);
INSERT INTO `czb_income_log` VALUES ('155785777159684', 0.00, 0, '155779997702468', 0.00, NULL, '1557857737711a15-4', '2019-05-15 02:16:11', '2019-05-15 02:16:11', NULL, NULL, NULL);
INSERT INTO `czb_income_log` VALUES ('155785777161185', 0.00, 0, '155779997702468', 0.00, NULL, '1557857737711a15-4', '2019-05-15 02:16:11', '2019-05-15 02:16:11', NULL, NULL, NULL);
INSERT INTO `czb_income_log` VALUES ('155785777162367', 0.00, 0, '155779997702468', 0.00, NULL, '1557857737711a15-4', '2019-05-15 02:16:11', '2019-05-15 02:16:11', NULL, NULL, NULL);
INSERT INTO `czb_income_log` VALUES ('155785872841146', 0.00, 0, '155779997702468', 0.00, NULL, '1557858722086bc0-4', '2019-05-15 02:32:08', '2019-05-15 02:32:08', NULL, NULL, NULL);
INSERT INTO `czb_income_log` VALUES ('155785872842568', 0.00, 0, '155779997702468', 0.00, NULL, '1557858722086bc0-4', '2019-05-15 02:32:08', '2019-05-15 02:32:08', NULL, NULL, NULL);
INSERT INTO `czb_income_log` VALUES ('155785872844086', 0.00, 0, '155782394825657', 0.00, NULL, '1557858722086bc0-4', '2019-05-15 02:32:08', '2019-05-15 02:32:08', NULL, NULL, NULL);
INSERT INTO `czb_income_log` VALUES ('155785938175392', 0.00, 0, '155779997702468', 0.06, NULL, '1557859341276c78-4', '2019-05-15 02:43:01', '2019-05-15 02:43:01', NULL, NULL, NULL);
INSERT INTO `czb_income_log` VALUES ('155785938176774', 0.00, 0, '155779997702468', 0.08, NULL, '1557859341276c78-4', '2019-05-15 02:43:01', '2019-05-15 02:43:01', NULL, NULL, NULL);
INSERT INTO `czb_income_log` VALUES ('155785938177996', 0.00, 0, '155779997702468', 0.00, NULL, '1557859341276c78-4', '2019-05-15 02:43:01', '2019-05-15 02:43:01', NULL, NULL, NULL);
INSERT INTO `czb_income_log` VALUES ('155785955617126', 0.00, 0, '155779997702468', 0.02, NULL, '1557859541411b2a-4', '2019-05-15 02:45:56', '2019-05-15 02:45:56', NULL, NULL, NULL);
INSERT INTO `czb_income_log` VALUES ('155785955618478', 0.00, 0, '155779997702468', 0.04, NULL, '1557859541411b2a-4', '2019-05-15 02:45:56', '2019-05-15 02:45:56', NULL, NULL, NULL);
INSERT INTO `czb_income_log` VALUES ('155785955619545', 0.00, 0, '155779997702468', 0.00, NULL, '1557859541411b2a-4', '2019-05-15 02:45:56', '2019-05-15 02:45:56', NULL, NULL, NULL);
INSERT INTO `czb_income_log` VALUES ('155785996572134', 0.00, 0, '155779997702468', 0.02, NULL, '1557859958084e7d-4', '2019-05-15 02:52:45', '2019-05-15 02:52:45', NULL, NULL, NULL);
INSERT INTO `czb_income_log` VALUES ('155785996573542', 0.00, 0, '155779997702468', 0.04, NULL, '1557859958084e7d-4', '2019-05-15 02:52:45', '2019-05-15 02:52:45', NULL, NULL, NULL);
INSERT INTO `czb_income_log` VALUES ('155785996575030', 0.00, 0, '155779997702468', 0.00, NULL, '1557859958084e7d-4', '2019-05-15 02:52:45', '2019-05-15 02:52:45', NULL, NULL, NULL);
INSERT INTO `czb_income_log` VALUES ('155786018425638', 0.00, 0, '155779997702468', 0.02, NULL, '1557860177383870-4', '2019-05-15 02:56:24', '2019-05-15 02:56:24', NULL, NULL, NULL);
INSERT INTO `czb_income_log` VALUES ('155786018427152', 0.00, 0, '155779997702468', 0.04, NULL, '1557860177383870-4', '2019-05-15 02:56:24', '2019-05-15 02:56:24', NULL, NULL, NULL);
INSERT INTO `czb_income_log` VALUES ('155786018428359', 0.00, 0, '155779997702468', 0.00, NULL, '1557860177383870-4', '2019-05-15 02:56:24', '2019-05-15 02:56:24', NULL, NULL, NULL);
INSERT INTO `czb_income_log` VALUES ('155786026317226', 0.00, 0, '155779997702468', 0.02, NULL, '15578602558243a6-4', '2019-05-15 02:57:43', '2019-05-15 02:57:43', NULL, NULL, NULL);
INSERT INTO `czb_income_log` VALUES ('155786026318775', 0.00, 0, '155779997702468', 0.04, NULL, '15578602558243a6-4', '2019-05-15 02:57:43', '2019-05-15 02:57:43', NULL, NULL, NULL);
INSERT INTO `czb_income_log` VALUES ('155786026319968', 0.00, 0, '155779997702468', 0.00, NULL, '15578602558243a6-4', '2019-05-15 02:57:43', '2019-05-15 02:57:43', NULL, NULL, NULL);
INSERT INTO `czb_income_log` VALUES ('155786099085244', 0.00, 0, '155786099084848', 0.00, NULL, '1557860976913484-4', '2019-05-15 03:09:50', '2019-05-15 03:09:50', NULL, NULL, NULL);
INSERT INTO `czb_income_log` VALUES ('155786099086428', 0.00, 0, '155786056977391', 0.00, NULL, '1557860976913484-4', '2019-05-15 03:09:50', '2019-05-15 03:09:50', NULL, NULL, NULL);
INSERT INTO `czb_income_log` VALUES ('155786116876737', 0.00, 0, '155782417823611', 0.03, NULL, '15578611541939f2-4', '2019-05-15 03:12:48', '2019-05-15 03:12:48', NULL, NULL, NULL);
INSERT INTO `czb_income_log` VALUES ('155786116877948', 0.00, 0, '155779997702468', 0.03, NULL, '15578611541939f2-4', '2019-05-15 03:12:48', '2019-05-15 03:12:48', NULL, NULL, NULL);
INSERT INTO `czb_income_log` VALUES ('155786116878940', 0.00, 0, '155786056977391', 0.00, NULL, '15578611541939f2-4', '2019-05-15 03:12:48', '2019-05-15 03:12:48', NULL, NULL, NULL);
INSERT INTO `czb_income_log` VALUES ('155786138117570', 0.00, 0, '155782417823611', 0.06, NULL, '1557861373435dfd-4', '2019-05-15 03:16:21', '2019-05-15 03:16:21', NULL, NULL, NULL);
INSERT INTO `czb_income_log` VALUES ('155786138118702', 0.00, 0, '155779997702468', 0.06, NULL, '1557861373435dfd-4', '2019-05-15 03:16:21', '2019-05-15 03:16:21', NULL, NULL, NULL);
INSERT INTO `czb_income_log` VALUES ('155786138120091', 0.00, 0, '155786056977391', 0.00, NULL, '1557861373435dfd-4', '2019-05-15 03:16:21', '2019-05-15 03:16:21', NULL, NULL, NULL);
INSERT INTO `czb_income_log` VALUES ('155786144540373', 0.00, 0, '155782417823611', 0.09, NULL, '1557861435893356-4', '2019-05-15 03:17:25', '2019-05-15 03:17:25', NULL, NULL, NULL);
INSERT INTO `czb_income_log` VALUES ('155786144541617', 0.00, 0, '155779997702468', 0.09, NULL, '1557861435893356-4', '2019-05-15 03:17:25', '2019-05-15 03:17:25', NULL, NULL, NULL);
INSERT INTO `czb_income_log` VALUES ('155786144542610', 0.00, 0, '155786056977391', 0.00, NULL, '1557861435893356-4', '2019-05-15 03:17:25', '2019-05-15 03:17:25', NULL, NULL, NULL);
INSERT INTO `czb_income_log` VALUES ('155786270029367', 0.00, 0, '155779997702468', 0.11, NULL, '1557862691254b10-4', '2019-05-15 03:38:20', '2019-05-15 03:38:20', NULL, NULL, NULL);
INSERT INTO `czb_income_log` VALUES ('155786270030682', 0.00, 0, '155779997702468', 0.13, NULL, '1557862691254b10-4', '2019-05-15 03:38:20', '2019-05-15 03:38:20', NULL, NULL, NULL);
INSERT INTO `czb_income_log` VALUES ('155786270031737', 0.00, 0, '155782394825657', 0.00, NULL, '1557862691254b10-4', '2019-05-15 03:38:20', '2019-05-15 03:38:20', NULL, NULL, NULL);
INSERT INTO `czb_income_log` VALUES ('155786434134397', 0.00, 0, '155782417823611', 0.12, NULL, '155786433341548a-4', '2019-05-15 04:05:41', '2019-05-15 04:05:41', NULL, NULL, NULL);
INSERT INTO `czb_income_log` VALUES ('155786434136094', 0.00, 0, '155779997702468', 0.16, NULL, '155786433341548a-4', '2019-05-15 04:05:41', '2019-05-15 04:05:41', NULL, NULL, NULL);
INSERT INTO `czb_income_log` VALUES ('155786434137033', 0.00, 0, '155786056977391', 0.00, NULL, '155786433341548a-4', '2019-05-15 04:05:41', '2019-05-15 04:05:41', NULL, NULL, NULL);
INSERT INTO `czb_income_log` VALUES ('155786560619892', 0.00, 0, '155782417823611', 0.15, NULL, '15578655988005aa-4', '2019-05-15 04:26:46', '2019-05-15 04:26:46', NULL, NULL, NULL);
INSERT INTO `czb_income_log` VALUES ('155786560621393', 0.00, 0, '155779997702468', 0.19, NULL, '15578655988005aa-4', '2019-05-15 04:26:46', '2019-05-15 04:26:46', NULL, NULL, NULL);
INSERT INTO `czb_income_log` VALUES ('155786560622523', 0.00, 0, '155786056977391', 0.00, NULL, '15578655988005aa-4', '2019-05-15 04:26:46', '2019-05-15 04:26:46', NULL, NULL, NULL);
INSERT INTO `czb_income_log` VALUES ('155786632832887', 0.00, 0, '155782417823611', 0.15, NULL, '15578663227526fb-4', '2019-05-15 04:38:48', '2019-05-15 04:38:48', NULL, NULL, NULL);
INSERT INTO `czb_income_log` VALUES ('155786632834159', 0.00, 0, '155779997702468', 0.19, NULL, '15578663227526fb-4', '2019-05-15 04:38:48', '2019-05-15 04:38:48', NULL, NULL, NULL);
INSERT INTO `czb_income_log` VALUES ('155786632835792', 0.00, 0, '155786056977391', 0.00, NULL, '15578663227526fb-4', '2019-05-15 04:38:48', '2019-05-15 04:38:48', NULL, NULL, NULL);
INSERT INTO `czb_income_log` VALUES ('155786805180096', 0.00, 0, '155779997702468', 0.21, NULL, '155786804430990c-4', '2019-05-15 05:07:31', '2019-05-15 05:07:31', NULL, NULL, NULL);
INSERT INTO `czb_income_log` VALUES ('155786805181116', 0.00, 0, '155779997702468', 0.23, NULL, '155786804430990c-4', '2019-05-15 05:07:31', '2019-05-15 05:07:31', NULL, NULL, NULL);
INSERT INTO `czb_income_log` VALUES ('155786805182140', 0.00, 0, '155782394825657', 0.00, NULL, '155786804430990c-4', '2019-05-15 05:07:31', '2019-05-15 05:07:31', NULL, NULL, NULL);
INSERT INTO `czb_income_log` VALUES ('155786826570738', 0.00, 0, '155779997702468', 0.25, NULL, '15578682348591c1-4', '2019-05-15 05:11:05', '2019-05-15 05:11:05', NULL, NULL, NULL);
INSERT INTO `czb_income_log` VALUES ('155786826571961', 0.00, 0, '155779997702468', 0.27, NULL, '15578682348591c1-4', '2019-05-15 05:11:05', '2019-05-15 05:11:05', NULL, NULL, NULL);
INSERT INTO `czb_income_log` VALUES ('155786826572956', 0.00, 0, '155782394825657', 0.00, NULL, '15578682348591c1-4', '2019-05-15 05:11:05', '2019-05-15 05:11:05', NULL, NULL, NULL);
INSERT INTO `czb_income_log` VALUES ('155787322366451', 0.00, 0, '155787110159848', 0.00, NULL, '1557873218349be4-4', '2019-05-15 06:33:43', '2019-05-15 06:33:43', NULL, NULL, NULL);
INSERT INTO `czb_income_log` VALUES ('155788896344423', 0.00, 0, '155779997702468', 0.27, NULL, '15578889572294d8-4', '2019-05-15 10:56:04', '2019-05-15 10:56:04', NULL, NULL, NULL);
INSERT INTO `czb_income_log` VALUES ('155788896379724', 0.00, 0, '155779997702468', 0.27, NULL, '15578889572294d8-4', '2019-05-15 10:56:05', '2019-05-15 10:56:05', NULL, NULL, NULL);
INSERT INTO `czb_income_log` VALUES ('155788896409284', 0.00, 0, '155782405419693', 0.00, NULL, '15578889572294d8-4', '2019-05-15 10:56:05', '2019-05-15 10:56:05', NULL, NULL, NULL);
INSERT INTO `czb_income_log` VALUES ('155789227451261', 0.00, 0, '155779997702468', 0.31, NULL, '1557892268818484-4', '2019-05-15 11:51:16', '2019-05-15 11:51:16', NULL, NULL, NULL);
INSERT INTO `czb_income_log` VALUES ('155789227484248', 0.00, 0, '155789227473215', 0.00, NULL, '1557892268818484-4', '2019-05-15 11:51:16', '2019-05-15 11:51:16', NULL, NULL, NULL);
INSERT INTO `czb_income_log` VALUES ('155789227511872', 0.00, 0, '155789082230251', 0.00, NULL, '1557892268818484-4', '2019-05-15 11:51:16', '2019-05-15 11:51:16', NULL, NULL, NULL);
INSERT INTO `czb_income_log` VALUES ('155789282506379', 0.00, 0, '155779997702468', 0.35, NULL, '1557892819395702-4', '2019-05-15 12:00:26', '2019-05-15 12:00:26', NULL, NULL, NULL);
INSERT INTO `czb_income_log` VALUES ('155789282538718', 0.00, 0, '155789227473215', 0.04, NULL, '1557892819395702-4', '2019-05-15 12:00:26', '2019-05-15 12:00:26', NULL, NULL, NULL);
INSERT INTO `czb_income_log` VALUES ('155789282565844', 0.00, 0, '155789082230251', 0.00, NULL, '1557892819395702-4', '2019-05-15 12:00:27', '2019-05-15 12:00:27', NULL, NULL, NULL);
INSERT INTO `czb_income_log` VALUES ('155789372356575', 0.00, 0, '155779997702468', 0.38, NULL, '1557893712930fe3-4', '2019-05-15 12:15:25', '2019-05-15 12:15:25', NULL, NULL, NULL);
INSERT INTO `czb_income_log` VALUES ('155789372389504', 0.00, 0, '155789227473215', 0.07, NULL, '1557893712930fe3-4', '2019-05-15 12:15:25', '2019-05-15 12:15:25', NULL, NULL, NULL);
INSERT INTO `czb_income_log` VALUES ('155789372417288', 0.00, 0, '155782405419693', 0.00, NULL, '1557893712930fe3-4', '2019-05-15 12:15:25', '2019-05-15 12:15:25', NULL, NULL, NULL);
INSERT INTO `czb_income_log` VALUES ('155789375152045', 0.00, 0, '155779997702468', 0.41, NULL, '1557893744329de4-4', '2019-05-15 12:15:53', '2019-05-15 12:15:53', NULL, NULL, NULL);
INSERT INTO `czb_income_log` VALUES ('155789375185434', 0.00, 0, '155789227473215', 0.10, NULL, '1557893744329de4-4', '2019-05-15 12:15:53', '2019-05-15 12:15:53', NULL, NULL, NULL);
INSERT INTO `czb_income_log` VALUES ('155789375213427', 0.00, 0, '155782405419693', 0.00, NULL, '1557893744329de4-4', '2019-05-15 12:15:53', '2019-05-15 12:15:53', NULL, NULL, NULL);
INSERT INTO `czb_income_log` VALUES ('155790033007123', 0.00, 0, '155784442278109', 0.00, NULL, '1557900307995b18-4', '2019-05-15 14:05:31', '2019-05-15 14:05:31', NULL, NULL, NULL);
INSERT INTO `czb_income_log` VALUES ('155790037589523', 0.00, 0, '155784442278109', 0.00, NULL, '15579003690876dc-4', '2019-05-15 14:06:17', '2019-05-15 14:06:17', NULL, NULL, NULL);
INSERT INTO `czb_income_log` VALUES ('155790049200414', 0.00, 0, '155779997702468', 0.41, NULL, '1557900393677073-4', '2019-05-15 14:08:13', '2019-05-15 14:08:13', NULL, NULL, NULL);
INSERT INTO `czb_income_log` VALUES ('155790049235460', 0.00, 0, '155789227473215', 0.10, NULL, '1557900393677073-4', '2019-05-15 14:08:13', '2019-05-15 14:08:13', NULL, NULL, NULL);
INSERT INTO `czb_income_log` VALUES ('155790049264548', 0.00, 0, '155782417823611', 0.00, NULL, '1557900393677073-4', '2019-05-15 14:08:14', '2019-05-15 14:08:14', NULL, NULL, NULL);
INSERT INTO `czb_income_log` VALUES ('155790066713418', 0.00, 0, '155784442278109', 0.00, NULL, '1557900655527e01-4', '2019-05-15 14:11:08', '2019-05-15 14:11:08', NULL, NULL, NULL);
INSERT INTO `czb_income_log` VALUES ('155790380350629', 0.00, 0, '155790108077279', 0.00, NULL, '155790379737703f-4', '2019-05-15 15:03:25', '2019-05-15 15:03:25', NULL, NULL, NULL);
INSERT INTO `czb_income_log` VALUES ('155790490632603', 0.00, 0, '155779997702468', 0.41, NULL, '1557904899293465-4', '2019-05-15 15:21:48', '2019-05-15 15:21:48', NULL, NULL, NULL);
INSERT INTO `czb_income_log` VALUES ('155790490665891', 0.00, 0, '155789227473215', 0.10, NULL, '1557904899293465-4', '2019-05-15 15:21:48', '2019-05-15 15:21:48', NULL, NULL, NULL);
INSERT INTO `czb_income_log` VALUES ('155790490694176', 0.00, 0, '155780158151020', 0.00, NULL, '1557904899293465-4', '2019-05-15 15:21:48', '2019-05-15 15:21:48', NULL, NULL, NULL);
INSERT INTO `czb_income_log` VALUES ('155792626821555', 0.00, 0, '155790108077279', 0.00, NULL, '1557926261439f53-4', '2019-05-15 21:17:50', '2019-05-15 21:17:50', NULL, NULL, NULL);
INSERT INTO `czb_income_log` VALUES ('155792829209603', 0.00, 0, '155779997702468', 0.41, NULL, '1557928285315563-4', '2019-05-15 21:51:34', '2019-05-15 21:51:34', NULL, NULL, NULL);
INSERT INTO `czb_income_log` VALUES ('155792829242019', 0.00, 0, '155789227473215', 0.10, NULL, '1557928285315563-4', '2019-05-15 21:51:34', '2019-05-15 21:51:34', NULL, NULL, NULL);
INSERT INTO `czb_income_log` VALUES ('155792829269271', 0.00, 0, '155780078162309', 0.00, NULL, '1557928285315563-4', '2019-05-15 21:51:34', '2019-05-15 21:51:34', NULL, NULL, NULL);
INSERT INTO `czb_income_log` VALUES ('155792834806533', 0.00, 0, '155779997702468', 0.41, NULL, '155792834074588e-4', '2019-05-15 21:52:30', '2019-05-15 21:52:30', NULL, NULL, NULL);
INSERT INTO `czb_income_log` VALUES ('155792834839286', 0.00, 0, '155789227473215', 0.10, NULL, '155792834074588e-4', '2019-05-15 21:52:30', '2019-05-15 21:52:30', NULL, NULL, NULL);
INSERT INTO `czb_income_log` VALUES ('155792834866597', 0.00, 0, '155780078162309', 0.00, NULL, '155792834074588e-4', '2019-05-15 21:52:30', '2019-05-15 21:52:30', NULL, NULL, NULL);
INSERT INTO `czb_income_log` VALUES ('155792838289899', 0.00, 0, '155779997702468', 0.41, NULL, '15579283773127ad-4', '2019-05-15 21:53:04', '2019-05-15 21:53:04', NULL, NULL, NULL);
INSERT INTO `czb_income_log` VALUES ('155792838324965', 0.00, 0, '155789227473215', 0.10, NULL, '15579283773127ad-4', '2019-05-15 21:53:05', '2019-05-15 21:53:05', NULL, NULL, NULL);
INSERT INTO `czb_income_log` VALUES ('155792838354258', 0.00, 0, '155780078162309', 0.00, NULL, '15579283773127ad-4', '2019-05-15 21:53:05', '2019-05-15 21:53:05', NULL, NULL, NULL);
INSERT INTO `czb_income_log` VALUES ('155801116164394', 0.10, 1, '155782417823611', 0.80, '支付宝提现', '155801116422778', '2019-05-16 20:52:44', '2019-05-16 20:52:44', '15826045613', '谭深化', 0.10);

-- ----------------------------
-- Table structure for czb_menu
-- ----------------------------
DROP TABLE IF EXISTS `czb_menu`;
CREATE TABLE `czb_menu`  (
  `menu_id` varchar(20) CHARACTER SET utf8 COLLATE utf8_general_ci NOT NULL,
  `menu_name` varchar(20) CHARACTER SET utf8 COLLATE utf8_general_ci NULL DEFAULT NULL,
  `menu_path` varchar(100) CHARACTER SET utf8 COLLATE utf8_general_ci NULL DEFAULT NULL,
  `menu_level` int(1) NULL DEFAULT NULL,
  `create_at` timestamp(0) NULL DEFAULT NULL,
  `update_at` timestamp(0) NULL DEFAULT NULL ON UPDATE CURRENT_TIMESTAMP(0),
  `parent` varchar(20) CHARACTER SET utf8 COLLATE utf8_general_ci NULL DEFAULT NULL,
  PRIMARY KEY (`menu_id`) USING BTREE
) ENGINE = InnoDB CHARACTER SET = utf8 COLLATE = utf8_general_ci ROW_FORMAT = Dynamic;

-- ----------------------------
-- Records of czb_menu
-- ----------------------------
INSERT INTO `czb_menu` VALUES ('1', '权限管理', '/admin/authManage', NULL, '2019-04-30 16:47:16', '2019-04-30 16:50:51', '155661422848449');
INSERT INTO `czb_menu` VALUES ('155627060335358', '角色管理', '/admin/roleManage', NULL, '2019-04-26 17:23:23', '2019-04-30 16:50:47', '155661422848449');
INSERT INTO `czb_menu` VALUES ('155627216533166', '用户管理', '/admin/userManage', NULL, '2019-04-26 17:49:25', '2019-04-30 16:51:10', '155661422848449');
INSERT INTO `czb_menu` VALUES ('155661422848449', '基础功能', '', NULL, '2019-04-30 16:50:28', '2019-05-07 17:06:14', '');
INSERT INTO `czb_menu` VALUES ('155661423572993', '系统功能', '', NULL, '2019-04-30 16:50:35', '2019-05-29 17:06:19', '');
INSERT INTO `czb_menu` VALUES ('155661455645749', '公告管理', '/admin/appAnnouncementManage', NULL, '2019-04-30 16:55:56', '2019-05-07 17:06:25', '155661422848449');
INSERT INTO `czb_menu` VALUES ('155661523561527', 'app菜单管理', '/admin/appMenuManage', NULL, '2019-04-30 17:07:15', '2019-05-08 17:06:22', '155661422848449');
INSERT INTO `czb_menu` VALUES ('155662454074739', '企业管理', '/admin/enterpriseManage', NULL, '2019-04-30 19:42:20', '2019-05-07 17:06:28', '155661423572993');
INSERT INTO `czb_menu` VALUES ('155662455190444', '寄送管理', '/admin/courierManage', NULL, '2019-04-30 19:42:31', '2019-05-07 17:06:30', '155661423572993');
INSERT INTO `czb_menu` VALUES ('155662468607499', '油卡管理', '/admin/petrolManagement', NULL, '2019-04-30 19:44:46', '2019-05-07 17:06:33', '155661423572993');
INSERT INTO `czb_menu` VALUES ('155662470252679', '油卡销售管理', '/admin/petrolSellManagement', NULL, '2019-04-30 19:45:02', '2019-05-07 17:06:36', '155661423572993');
INSERT INTO `czb_menu` VALUES ('155662477468742', '套餐管理', '/admin/contractPackageManagement', NULL, '2019-04-30 19:46:14', '2019-05-07 17:06:39', '155661423572993');
INSERT INTO `czb_menu` VALUES ('155678877845550', 'app公告管理', '/admin/appAnnouncementManage', NULL, '2019-05-02 17:19:40', '2019-05-07 17:06:45', '155661422848449');
INSERT INTO `czb_menu` VALUES ('155730086781839', '合同模板配置', '/admin/contractTemplateManagement', NULL, '2019-05-08 15:34:55', NULL, '155661423572993');
INSERT INTO `czb_menu` VALUES ('155730088560482', '合同套餐管理', '/admin/contractPackageManagement', NULL, '2019-05-08 15:35:13', NULL, '155661423572993');
INSERT INTO `czb_menu` VALUES ('155730090039740', '地区油类设置', '/admin/petrolAreaSetManagement', NULL, '2019-05-08 15:35:28', NULL, '155661423572993');
INSERT INTO `czb_menu` VALUES ('155790794107443', '充值管理', '/admin/rechargeManage', NULL, '2019-05-15 16:12:22', NULL, '155661423572993');

-- ----------------------------
-- Table structure for czb_pay_to_person
-- ----------------------------
DROP TABLE IF EXISTS `czb_pay_to_person`;
CREATE TABLE `czb_pay_to_person`  (
  `record_id` varchar(20) CHARACTER SET utf8 COLLATE utf8_general_ci NOT NULL,
  `payee_name` varchar(50) CHARACTER SET utf8 COLLATE utf8_general_ci NULL DEFAULT NULL,
  `payee_id_card` varchar(20) CHARACTER SET utf8 COLLATE utf8_general_ci NULL DEFAULT NULL,
  `contract_record_id` varchar(20) CHARACTER SET utf8 COLLATE utf8_general_ci NULL DEFAULT NULL COMMENT '企业合同记录id',
  `payable_money` double(10, 2) NULL DEFAULT NULL,
  `actual_pay_money` double(10, 2) NULL DEFAULT NULL,
  `target_year_month` timestamp(0) NULL DEFAULT NULL ON UPDATE CURRENT_TIMESTAMP(0),
  `platform_pay_time` timestamp(0) NULL DEFAULT NULL ON UPDATE CURRENT_TIMESTAMP(0) COMMENT '平台打款给个人的日期',
  `state` int(1) NULL DEFAULT NULL COMMENT '0 未打款 1 已打款 2 打款异常',
  `is_deleted` int(1) UNSIGNED ZEROFILL NULL DEFAULT NULL COMMENT '0 未删除 1 已删除',
  PRIMARY KEY (`record_id`) USING BTREE
) ENGINE = InnoDB CHARACTER SET = latin1 COLLATE = latin1_swedish_ci ROW_FORMAT = Dynamic;

-- ----------------------------
-- Table structure for czb_petrol
-- ----------------------------
DROP TABLE IF EXISTS `czb_petrol`;
CREATE TABLE `czb_petrol`  (
  `petrol_id` varchar(20) CHARACTER SET utf8 COLLATE utf8_general_ci NOT NULL,
  `petrol_num` varchar(20) CHARACTER SET utf8 COLLATE utf8_general_ci NULL DEFAULT NULL,
  `petrol_psw` varchar(20) CHARACTER SET utf8 COLLATE utf8_general_ci NULL DEFAULT NULL,
  `petrol_kind` int(1) NULL DEFAULT NULL,
  `petrol_denomination` double(10, 0) NULL DEFAULT NULL,
  `petrol_price` double(10, 2) NULL DEFAULT NULL,
  `state` int(1) NULL DEFAULT NULL,
  `discount` double(10, 0) NULL DEFAULT NULL,
  `area` varchar(20) CHARACTER SET utf8 COLLATE utf8_general_ci NULL DEFAULT NULL,
  `owner_id` varchar(20) CHARACTER SET utf8 COLLATE utf8_general_ci NULL DEFAULT NULL,
  `petrol_type` int(1) NULL DEFAULT NULL,
  `create_at` timestamp(0) NULL DEFAULT NULL,
  `update_at` timestamp(0) NULL DEFAULT NULL ON UPDATE CURRENT_TIMESTAMP(0),
  PRIMARY KEY (`petrol_id`) USING BTREE
) ENGINE = InnoDB CHARACTER SET = utf8 COLLATE = utf8_general_ci ROW_FORMAT = Dynamic;

-- ----------------------------
-- Records of czb_petrol
-- ----------------------------
INSERT INTO `czb_petrol` VALUES ('155756505090187', '123456', '101010', 0, 100, 1.00, 2, NULL, '重庆', '155779902355425', 0, '2019-05-11 16:58:12', '2019-05-14 15:19:44');
INSERT INTO `czb_petrol` VALUES ('155756505090590', '123457', '101010', 0, 200, 2.00, 2, NULL, '重庆', '155779902355425', 0, '2019-05-11 16:58:12', '2019-05-14 13:26:17');
INSERT INTO `czb_petrol` VALUES ('155756505090680', '123458', '101010', 0, 300, 3.00, 2, NULL, '重庆', '155782315616542', 0, '2019-05-11 16:58:12', '2019-05-14 19:58:52');
INSERT INTO `czb_petrol` VALUES ('155756505090728', '123459', '101010', 0, 400, 4.00, 2, NULL, '重庆', '155782415996868', 0, '2019-05-11 16:58:12', '2019-05-14 17:09:39');
INSERT INTO `czb_petrol` VALUES ('155756505090870', '123460', '101010', 1, 100, 1.00, 1, NULL, '重庆', NULL, 1, '2019-05-11 16:58:12', '2019-05-14 09:51:03');
INSERT INTO `czb_petrol` VALUES ('155756505090989', '123461', '101010', 1, 200, 2.00, 2, NULL, '重庆', '155783381244603', 1, '2019-05-11 16:58:12', '2019-05-14 22:20:30');
INSERT INTO `czb_petrol` VALUES ('155756505091057', '123462', '101010', 1, 200, 2.00, 2, NULL, '重庆', '155779902355425', 1, '2019-05-11 16:58:12', '2019-05-14 10:27:29');
INSERT INTO `czb_petrol` VALUES ('155756505091144', '123463', '101010', 1, 300, 3.00, 2, NULL, '重庆', '155786053583269', 1, '2019-05-11 16:58:12', '2019-05-15 03:12:48');
INSERT INTO `czb_petrol` VALUES ('155756505091204', '123464', '101010', 1, 400, 4.00, 2, NULL, '重庆', '155788971393552', 1, '2019-05-11 16:58:12', '2019-05-15 11:51:15');
INSERT INTO `czb_petrol` VALUES ('155756505091364', '123465', '101010', 1, 100, 1.00, 2, NULL, '重庆', '155784439974385', 1, '2019-05-11 16:58:12', '2019-05-15 14:06:16');
INSERT INTO `czb_petrol` VALUES ('155756505091464', '123466', '101010', 1, 200, 2.00, 2, NULL, '重庆', '155782371092252', 1, '2019-05-11 16:58:12', '2019-05-14 17:05:55');
INSERT INTO `czb_petrol` VALUES ('155756505091588', '123467', '101010', 1, 300, 3.00, 2, NULL, '重庆', '155781593961203', 1, '2019-05-11 16:58:12', '2019-05-14 22:44:03');
INSERT INTO `czb_petrol` VALUES ('155756505091651', '123468', '101010', 2, 100, 1.00, 2, NULL, '重庆', '155783381244603', 1, '2019-05-11 16:58:12', '2019-05-14 22:21:30');
INSERT INTO `czb_petrol` VALUES ('155756505091655', '123469', '101010', 2, 200, 2.00, 2, NULL, '重庆', '155782371092252', 1, '2019-05-11 16:58:12', '2019-05-14 17:32:22');
INSERT INTO `czb_petrol` VALUES ('155756505091727', '123470', '101010', 2, 300, 3.00, 2, NULL, '重庆', '155784439974385', 1, '2019-05-11 16:58:12', '2019-05-15 14:11:08');
INSERT INTO `czb_petrol` VALUES ('155756505091831', '123471', '101010', 2, 400, 4.00, 2, NULL, '重庆', '155788971393552', 1, '2019-05-11 16:58:12', '2019-05-15 12:00:25');
INSERT INTO `czb_petrol` VALUES ('155756505091865', '123472', '101010', 2, 100, 1.00, 1, NULL, '重庆', NULL, 1, '2019-05-11 16:58:12', '2019-05-14 09:51:04');
INSERT INTO `czb_petrol` VALUES ('155756505091935', '123473', '101010', 2, 200, 2.00, 2, NULL, '重庆', '155782001077606', 1, '2019-05-11 16:58:12', '2019-05-14 16:01:55');
INSERT INTO `czb_petrol` VALUES ('155756505091958', '123474', '101010', 2, 300, 3.00, 1, NULL, '重庆', '', 1, '2019-05-11 16:58:12', '2019-05-14 09:51:04');
INSERT INTO `czb_petrol` VALUES ('155756505092020', '123475', '101010', 2, 400, 4.00, 2, NULL, '重庆', '155786053583269', 1, '2019-05-11 16:58:12', '2019-05-15 03:09:50');
INSERT INTO `czb_petrol` VALUES ('155756505092040', '123477', '101010', 2, 100, 1.00, 1, NULL, '重庆', '', 1, '2019-05-11 16:58:12', '2019-05-14 09:51:04');
INSERT INTO `czb_petrol` VALUES ('155756505092054', '123476', '101010', 2, 200, 2.00, 2, NULL, '重庆', '155779902355425', 1, '2019-05-11 16:58:12', '2019-05-14 13:26:55');
INSERT INTO `czb_petrol` VALUES ('155772533839320', '1234567857', '101010', 0, 100, 0.01, 2, NULL, '重庆', '155782371092252', 0, '2019-05-13 13:29:48', '2019-05-14 18:06:43');
INSERT INTO `czb_petrol` VALUES ('155772533840323', '1234567858', '101010', 0, 100, 0.01, 2, NULL, '重庆', '155780071748567', 0, '2019-05-13 13:29:48', '2019-05-14 10:42:55');
INSERT INTO `czb_petrol` VALUES ('155772533841499', '1234567859', '101010', 0, 100, 0.01, 2, NULL, '重庆', '155781593961203', 0, '2019-05-13 13:29:48', '2019-05-14 17:12:01');
INSERT INTO `czb_petrol` VALUES ('155772533841562', '1234567860', '101010', 0, 100, 0.01, 2, NULL, '重庆', '155782371092252', 0, '2019-05-13 13:29:48', '2019-05-14 17:32:46');
INSERT INTO `czb_petrol` VALUES ('155772533842572', '1234567861', '101010', 1, 100, 0.01, 2, NULL, '重庆', '155780071748567', 1, '2019-05-13 13:29:48', '2019-05-15 21:53:04');
INSERT INTO `czb_petrol` VALUES ('155772533842681', '1234567862', '101010', 1, 100, 0.01, 1, NULL, '重庆', NULL, 1, '2019-05-13 13:29:48', '2019-05-14 09:51:05');
INSERT INTO `czb_petrol` VALUES ('155772533842743', '1234567863', '101010', 1, 100, 0.01, 2, NULL, '重庆', '155780105029967', 1, '2019-05-13 13:29:48', '2019-05-15 15:21:47');
INSERT INTO `czb_petrol` VALUES ('155772533842882', '1234567864', '101010', 1, 200, 0.02, 2, NULL, '重庆', '155787093029730', 1, '2019-05-13 13:29:48', '2019-05-15 06:33:43');
INSERT INTO `czb_petrol` VALUES ('155772533843082', '1234567865', '101010', 1, 200, 0.02, 1, NULL, '重庆', NULL, 1, '2019-05-13 13:29:48', '2019-05-14 09:51:06');
INSERT INTO `czb_petrol` VALUES ('155772533844173', '1234567866', '101010', 1, 200, 0.02, 1, NULL, '重庆', NULL, 1, '2019-05-13 13:29:48', '2019-05-14 09:51:06');
INSERT INTO `czb_petrol` VALUES ('155772533844212', '1234567867', '101010', 1, 200, 0.02, 1, NULL, '重庆', NULL, 1, '2019-05-13 13:29:48', '2019-05-14 09:51:06');
INSERT INTO `czb_petrol` VALUES ('155772533845391', '1234567868', '101010', 1, 200, 0.02, 2, NULL, '重庆', '155782415996868', 1, '2019-05-13 13:29:48', '2019-05-15 14:08:12');
INSERT INTO `czb_petrol` VALUES ('155772533845418', '1234567869', '101010', 2, 200, 0.02, 2, NULL, '重庆', '155780071748567', 1, '2019-05-13 13:29:48', '2019-05-14 10:45:13');
INSERT INTO `czb_petrol` VALUES ('155772533846591', '1234567870', '101010', 2, 200, 0.02, 1, NULL, '重庆', NULL, 1, '2019-05-13 13:29:48', '2019-05-14 09:51:06');
INSERT INTO `czb_petrol` VALUES ('155772533846670', '1234567871', '101010', 2, 300, 0.03, 1, NULL, '重庆', NULL, 1, '2019-05-13 13:29:48', '2019-05-14 09:51:06');
INSERT INTO `czb_petrol` VALUES ('155772533847740', '1234567872', '101010', 2, 300, 0.03, 1, NULL, '重庆', NULL, 1, '2019-05-13 13:29:48', '2019-05-14 09:51:06');
INSERT INTO `czb_petrol` VALUES ('155772533847853', '1234567873', '101010', 2, 300, 0.03, 1, NULL, '重庆', NULL, 1, '2019-05-13 13:29:48', '2019-05-14 09:51:06');
INSERT INTO `czb_petrol` VALUES ('155772533848932', '1234567874', '101010', 2, 300, 0.03, 1, NULL, '重庆', NULL, 1, '2019-05-13 13:29:48', '2019-05-14 09:51:07');
INSERT INTO `czb_petrol` VALUES ('155772533849000', '1234567875', '101010', 2, 300, 0.03, 1, NULL, '重庆', NULL, 1, '2019-05-13 13:29:48', '2019-05-14 09:51:07');
INSERT INTO `czb_petrol` VALUES ('155772533850234', '1234567876', '101010', 2, 300, 0.03, 1, NULL, '重庆', NULL, 1, '2019-05-13 13:29:48', '2019-05-14 09:51:07');
INSERT INTO `czb_petrol` VALUES ('155772533851280', '1234567877', '101010', 2, 300, 0.03, 2, NULL, '重庆', '155790032338874', 1, '2019-05-13 13:29:48', '2019-05-15 15:03:24');
INSERT INTO `czb_petrol` VALUES ('155772533852304', '1234567878', '101010', 2, 300, 0.03, 1, NULL, '重庆', NULL, 1, '2019-05-13 13:29:48', '2019-05-14 09:51:07');
INSERT INTO `czb_petrol` VALUES ('155775405675527', '225432', '101010', 0, 100, 0.01, -1, NULL, '重庆', NULL, 0, '2019-05-13 21:28:24', '2019-05-13 21:38:58');
INSERT INTO `czb_petrol` VALUES ('155775405676920', '225433', '101010', 0, 100, 0.01, -1, NULL, '重庆', NULL, 0, '2019-05-13 21:28:24', '2019-05-13 21:38:58');
INSERT INTO `czb_petrol` VALUES ('155775405677131', '225434', '101010', 0, 100, 0.01, -1, NULL, '重庆', NULL, 0, '2019-05-13 21:28:24', '2019-05-13 21:38:58');
INSERT INTO `czb_petrol` VALUES ('155775405677294', '225435', '101010', 0, 100, 0.01, -1, NULL, '重庆', NULL, 0, '2019-05-13 21:28:24', '2019-05-13 21:38:58');
INSERT INTO `czb_petrol` VALUES ('155775405677434', '225436', '101010', 1, 100, 0.01, -1, NULL, '重庆', NULL, 1, '2019-05-13 21:28:24', '2019-05-13 21:38:58');
INSERT INTO `czb_petrol` VALUES ('155775405677682', '225437', '101010', 1, 100, 0.01, -1, NULL, '重庆', NULL, 1, '2019-05-13 21:28:24', '2019-05-13 21:38:58');
INSERT INTO `czb_petrol` VALUES ('155775405677873', '225438', '101010', 1, 100, 0.01, -1, NULL, '重庆', NULL, 1, '2019-05-13 21:28:24', '2019-05-13 21:38:58');
INSERT INTO `czb_petrol` VALUES ('155775405678006', '225439', '101010', 1, 200, 0.02, -1, NULL, '重庆', NULL, 1, '2019-05-13 21:28:24', '2019-05-13 21:38:58');
INSERT INTO `czb_petrol` VALUES ('155775405678284', '225440', '101010', 1, 200, 0.02, -1, NULL, '重庆', NULL, 1, '2019-05-13 21:28:24', '2019-05-13 21:38:58');
INSERT INTO `czb_petrol` VALUES ('155775405678356', '225441', '101010', 1, 200, 0.02, -1, NULL, '重庆', NULL, 1, '2019-05-13 21:28:24', '2019-05-13 21:38:58');
INSERT INTO `czb_petrol` VALUES ('155775405678598', '225442', '101010', 1, 200, 0.02, -1, NULL, '重庆', NULL, 1, '2019-05-13 21:28:24', '2019-05-13 21:38:58');
INSERT INTO `czb_petrol` VALUES ('155775405678662', '225443', '101010', 1, 200, 0.02, -1, NULL, '重庆', NULL, 1, '2019-05-13 21:28:24', '2019-05-13 21:38:58');
INSERT INTO `czb_petrol` VALUES ('155775405678701', '225444', '101010', 2, 200, 0.02, -1, NULL, '重庆', NULL, 1, '2019-05-13 21:28:24', '2019-05-13 21:38:58');
INSERT INTO `czb_petrol` VALUES ('155775405678866', '225445', '101010', 2, 200, 0.02, -1, NULL, '重庆', NULL, 1, '2019-05-13 21:28:24', '2019-05-13 21:38:58');
INSERT INTO `czb_petrol` VALUES ('155775405678905', '225446', '101010', 2, 300, 0.03, -1, NULL, '重庆', NULL, 1, '2019-05-13 21:28:24', '2019-05-13 21:38:58');
INSERT INTO `czb_petrol` VALUES ('155775405679045', '225447', '101010', 2, 300, 0.03, -1, NULL, '重庆', NULL, 1, '2019-05-13 21:28:24', '2019-05-13 21:38:58');
INSERT INTO `czb_petrol` VALUES ('155775405679122', '225448', '101010', 2, 300, 0.03, -1, NULL, '重庆', NULL, 1, '2019-05-13 21:28:24', '2019-05-13 21:38:58');
INSERT INTO `czb_petrol` VALUES ('155775405679273', '225449', '101010', 2, 300, 0.03, -1, NULL, '重庆', NULL, 1, '2019-05-13 21:28:24', '2019-05-13 21:38:58');
INSERT INTO `czb_petrol` VALUES ('155775405679398', '225450', '101010', 2, 300, 0.03, -1, NULL, '重庆', NULL, 1, '2019-05-13 21:28:24', '2019-05-13 21:38:58');
INSERT INTO `czb_petrol` VALUES ('155775405679411', '225451', '101010', 2, 300, 0.03, -1, NULL, '重庆', NULL, 1, '2019-05-13 21:28:24', '2019-05-13 21:38:58');
INSERT INTO `czb_petrol` VALUES ('155775405679588', '225452', '101010', 2, 300, 0.03, -1, NULL, '重庆', NULL, 1, '2019-05-13 21:28:24', '2019-05-13 21:38:58');
INSERT INTO `czb_petrol` VALUES ('155775405679699', '225453', '101010', 2, 300, 0.03, -1, NULL, '重庆', NULL, 1, '2019-05-13 21:28:24', '2019-05-13 21:38:58');
INSERT INTO `czb_petrol` VALUES ('155775405679700', '225453', '101010', 2, 300, 0.03, 1, NULL, '重庆', NULL, 1, '2019-05-13 22:33:44', '2019-05-13 22:33:47');
INSERT INTO `czb_petrol` VALUES ('155781546624575', '225432', '101010', 0, 100, 0.01, 0, NULL, '重庆', NULL, 0, '2019-05-14 14:31:55', NULL);
INSERT INTO `czb_petrol` VALUES ('155781546625489', '225433', '101010', 0, 100, 0.01, 0, NULL, '重庆', NULL, 0, '2019-05-14 14:31:55', NULL);
INSERT INTO `czb_petrol` VALUES ('155781546625554', '225434', '101010', 0, 100, 0.01, 0, NULL, '重庆', NULL, 0, '2019-05-14 14:31:55', NULL);
INSERT INTO `czb_petrol` VALUES ('155781546625689', '225435', '101010', 0, 100, 0.01, 0, NULL, '重庆', NULL, 0, '2019-05-14 14:31:55', NULL);
INSERT INTO `czb_petrol` VALUES ('155781546625709', '225436', '101010', 1, 100, 0.01, 0, NULL, '重庆', NULL, 1, '2019-05-14 14:31:55', NULL);
INSERT INTO `czb_petrol` VALUES ('155781546625865', '225437', '101010', 1, 100, 0.01, 0, NULL, '重庆', NULL, 1, '2019-05-14 14:31:55', NULL);
INSERT INTO `czb_petrol` VALUES ('155781546625997', '225438', '101010', 1, 100, 0.01, 0, NULL, '重庆', NULL, 1, '2019-05-14 14:31:55', NULL);
INSERT INTO `czb_petrol` VALUES ('155781546626006', '225439', '101010', 1, 200, 0.02, 0, NULL, '重庆', NULL, 1, '2019-05-14 14:31:55', NULL);
INSERT INTO `czb_petrol` VALUES ('155781546626101', '225440', '101010', 1, 200, 0.02, 0, NULL, '重庆', NULL, 1, '2019-05-14 14:31:55', NULL);
INSERT INTO `czb_petrol` VALUES ('155781546626236', '225441', '101010', 1, 200, 0.02, 0, NULL, '重庆', NULL, 1, '2019-05-14 14:31:55', NULL);
INSERT INTO `czb_petrol` VALUES ('155781546626380', '225442', '101010', 1, 200, 0.02, 0, NULL, '重庆', NULL, 1, '2019-05-14 14:31:55', NULL);
INSERT INTO `czb_petrol` VALUES ('155781546626431', '225443', '101010', 1, 200, 0.02, 0, NULL, '重庆', NULL, 1, '2019-05-14 14:31:55', NULL);
INSERT INTO `czb_petrol` VALUES ('155781546626594', '225444', '101010', 2, 200, 0.02, 0, NULL, '重庆', NULL, 1, '2019-05-14 14:31:55', NULL);
INSERT INTO `czb_petrol` VALUES ('155781546626651', '225445', '101010', 2, 200, 0.02, 0, NULL, '重庆', NULL, 1, '2019-05-14 14:31:55', NULL);
INSERT INTO `czb_petrol` VALUES ('155781546626791', '225446', '101010', 2, 300, 0.03, 0, NULL, '重庆', NULL, 1, '2019-05-14 14:31:55', NULL);
INSERT INTO `czb_petrol` VALUES ('155781546626878', '225447', '101010', 2, 300, 0.03, 0, NULL, '重庆', NULL, 1, '2019-05-14 14:31:55', NULL);
INSERT INTO `czb_petrol` VALUES ('155781546626904', '225448', '101010', 2, 300, 0.03, 0, NULL, '重庆', NULL, 1, '2019-05-14 14:31:55', NULL);
INSERT INTO `czb_petrol` VALUES ('155781546627021', '225449', '101010', 2, 300, 0.03, 0, NULL, '重庆', NULL, 1, '2019-05-14 14:31:55', NULL);
INSERT INTO `czb_petrol` VALUES ('155781546627116', '225450', '101010', 2, 300, 0.03, 0, NULL, '重庆', NULL, 1, '2019-05-14 14:31:55', NULL);
INSERT INTO `czb_petrol` VALUES ('155781546627238', '225451', '101010', 2, 300, 0.03, 0, NULL, '重庆', NULL, 1, '2019-05-14 14:31:55', NULL);
INSERT INTO `czb_petrol` VALUES ('155781546627304', '225452', '101010', 2, 300, 0.03, 0, NULL, '重庆', NULL, 1, '2019-05-14 14:31:55', NULL);
INSERT INTO `czb_petrol` VALUES ('155781546627410', '225453', '101010', 2, 300, 0.03, 0, NULL, '重庆', NULL, 1, '2019-05-14 14:31:55', NULL);
INSERT INTO `czb_petrol` VALUES ('155781552356495', '225432', '101010', 0, 100, 0.01, 0, NULL, '重庆', NULL, 0, '2019-05-14 14:32:52', NULL);
INSERT INTO `czb_petrol` VALUES ('155781552356536', '225433', '101010', 0, 100, 0.01, 0, NULL, '重庆', NULL, 0, '2019-05-14 14:32:52', NULL);
INSERT INTO `czb_petrol` VALUES ('155781552356624', '225434', '101010', 0, 100, 0.01, 0, NULL, '重庆', NULL, 0, '2019-05-14 14:32:52', NULL);
INSERT INTO `czb_petrol` VALUES ('155781552356784', '225435', '101010', 0, 100, 0.01, 0, NULL, '重庆', NULL, 0, '2019-05-14 14:32:52', NULL);
INSERT INTO `czb_petrol` VALUES ('155781552356869', '225436', '101010', 1, 100, 0.01, 0, NULL, '重庆', NULL, 1, '2019-05-14 14:32:52', NULL);
INSERT INTO `czb_petrol` VALUES ('155781552356992', '225437', '101010', 1, 100, 0.01, 0, NULL, '重庆', NULL, 1, '2019-05-14 14:32:52', NULL);
INSERT INTO `czb_petrol` VALUES ('155781552357032', '225438', '101010', 1, 100, 0.01, 0, NULL, '重庆', NULL, 1, '2019-05-14 14:32:52', NULL);
INSERT INTO `czb_petrol` VALUES ('155781552357150', '225439', '101010', 1, 200, 0.02, 0, NULL, '重庆', NULL, 1, '2019-05-14 14:32:52', NULL);
INSERT INTO `czb_petrol` VALUES ('155781552357255', '225440', '101010', 1, 200, 0.02, 0, NULL, '重庆', NULL, 1, '2019-05-14 14:32:52', NULL);
INSERT INTO `czb_petrol` VALUES ('155781552357324', '225441', '101010', 1, 200, 0.02, 0, NULL, '重庆', NULL, 1, '2019-05-14 14:32:52', NULL);
INSERT INTO `czb_petrol` VALUES ('155781552357464', '225442', '101010', 1, 200, 0.02, 0, NULL, '重庆', NULL, 1, '2019-05-14 14:32:52', NULL);
INSERT INTO `czb_petrol` VALUES ('155781552357523', '225443', '101010', 1, 200, 0.02, 0, NULL, '重庆', NULL, 1, '2019-05-14 14:32:52', NULL);
INSERT INTO `czb_petrol` VALUES ('155781552357639', '225444', '101010', 2, 200, 0.02, 0, NULL, '重庆', NULL, 1, '2019-05-14 14:32:52', NULL);
INSERT INTO `czb_petrol` VALUES ('155781552357725', '225445', '101010', 2, 200, 0.02, 0, NULL, '重庆', NULL, 1, '2019-05-14 14:32:52', NULL);
INSERT INTO `czb_petrol` VALUES ('155781552357870', '225446', '101010', 2, 300, 0.03, 0, NULL, '重庆', NULL, 1, '2019-05-14 14:32:52', NULL);
INSERT INTO `czb_petrol` VALUES ('155781552357900', '225447', '101010', 2, 300, 0.03, 0, NULL, '重庆', NULL, 1, '2019-05-14 14:32:52', NULL);
INSERT INTO `czb_petrol` VALUES ('155781552358057', '225448', '101010', 2, 300, 0.03, 0, NULL, '重庆', NULL, 1, '2019-05-14 14:32:52', NULL);
INSERT INTO `czb_petrol` VALUES ('155781552358141', '225449', '101010', 2, 300, 0.03, 0, NULL, '重庆', NULL, 1, '2019-05-14 14:32:52', NULL);
INSERT INTO `czb_petrol` VALUES ('155781552358262', '225450', '101010', 2, 300, 0.03, 0, NULL, '重庆', NULL, 1, '2019-05-14 14:32:52', NULL);
INSERT INTO `czb_petrol` VALUES ('155781552358333', '225451', '101010', 2, 300, 0.03, 0, NULL, '重庆', NULL, 1, '2019-05-14 14:32:52', NULL);
INSERT INTO `czb_petrol` VALUES ('155781552358468', '225452', '101010', 2, 300, 0.03, 0, NULL, '重庆', NULL, 1, '2019-05-14 14:32:52', NULL);
INSERT INTO `czb_petrol` VALUES ('155781552358571', '225453', '101010', 2, 300, 0.03, 0, NULL, '重庆', NULL, 1, '2019-05-14 14:32:52', NULL);
INSERT INTO `czb_petrol` VALUES ('155781558962770', '225432', '101010', 0, 100, 0.01, 0, NULL, '重庆', NULL, 0, '2019-05-14 14:33:58', NULL);
INSERT INTO `czb_petrol` VALUES ('155781558962853', '225433', '101010', 0, 100, 0.01, 0, NULL, '重庆', NULL, 0, '2019-05-14 14:33:58', NULL);
INSERT INTO `czb_petrol` VALUES ('155781558962943', '225434', '101010', 0, 100, 0.01, 0, NULL, '重庆', NULL, 0, '2019-05-14 14:33:58', NULL);
INSERT INTO `czb_petrol` VALUES ('155781558963006', '225435', '101010', 0, 100, 0.01, 0, NULL, '重庆', NULL, 0, '2019-05-14 14:33:58', NULL);
INSERT INTO `czb_petrol` VALUES ('155781558963168', '225436', '101010', 1, 100, 0.01, 0, NULL, '重庆', NULL, 1, '2019-05-14 14:33:58', NULL);
INSERT INTO `czb_petrol` VALUES ('155781558963224', '225437', '101010', 1, 100, 0.01, 0, NULL, '重庆', NULL, 1, '2019-05-14 14:33:58', NULL);
INSERT INTO `czb_petrol` VALUES ('155781558963394', '225438', '101010', 1, 100, 0.01, 0, NULL, '重庆', NULL, 1, '2019-05-14 14:33:58', NULL);
INSERT INTO `czb_petrol` VALUES ('155781558963405', '225439', '101010', 1, 200, 0.02, 0, NULL, '重庆', NULL, 1, '2019-05-14 14:33:58', NULL);
INSERT INTO `czb_petrol` VALUES ('155781558963503', '225440', '101010', 1, 200, 0.02, 0, NULL, '重庆', NULL, 1, '2019-05-14 14:33:58', NULL);
INSERT INTO `czb_petrol` VALUES ('155781558963657', '225441', '101010', 1, 200, 0.02, 0, NULL, '重庆', NULL, 1, '2019-05-14 14:33:58', NULL);
INSERT INTO `czb_petrol` VALUES ('155781558963718', '225442', '101010', 1, 200, 0.02, 0, NULL, '重庆', NULL, 1, '2019-05-14 14:33:58', NULL);
INSERT INTO `czb_petrol` VALUES ('155781558963897', '225443', '101010', 1, 200, 0.02, 0, NULL, '重庆', NULL, 1, '2019-05-14 14:33:58', NULL);
INSERT INTO `czb_petrol` VALUES ('155781558963917', '225444', '101010', 2, 200, 0.02, 0, NULL, '重庆', NULL, 1, '2019-05-14 14:33:58', NULL);
INSERT INTO `czb_petrol` VALUES ('155781558964024', '225445', '101010', 2, 200, 0.02, 0, NULL, '重庆', NULL, 1, '2019-05-14 14:33:58', NULL);
INSERT INTO `czb_petrol` VALUES ('155781558964160', '225446', '101010', 2, 300, 0.03, 0, NULL, '重庆', NULL, 1, '2019-05-14 14:33:58', NULL);
INSERT INTO `czb_petrol` VALUES ('155781558964204', '225447', '101010', 2, 300, 0.03, 0, NULL, '重庆', NULL, 1, '2019-05-14 14:33:58', NULL);
INSERT INTO `czb_petrol` VALUES ('155781558964362', '225448', '101010', 2, 300, 0.03, 0, NULL, '重庆', NULL, 1, '2019-05-14 14:33:58', NULL);
INSERT INTO `czb_petrol` VALUES ('155781558964436', '225449', '101010', 2, 300, 0.03, 0, NULL, '重庆', NULL, 1, '2019-05-14 14:33:58', NULL);
INSERT INTO `czb_petrol` VALUES ('155781558964549', '225450', '101010', 2, 300, 0.03, 0, NULL, '重庆', NULL, 1, '2019-05-14 14:33:58', NULL);
INSERT INTO `czb_petrol` VALUES ('155781558964674', '225451', '101010', 2, 300, 0.03, 0, NULL, '重庆', NULL, 1, '2019-05-14 14:33:58', NULL);
INSERT INTO `czb_petrol` VALUES ('155781558964770', '225452', '101010', 2, 300, 0.03, 0, NULL, '重庆', NULL, 1, '2019-05-14 14:33:58', NULL);
INSERT INTO `czb_petrol` VALUES ('155781558964875', '225453', '101010', 2, 300, 0.03, 0, NULL, '重庆', NULL, 1, '2019-05-14 14:33:58', NULL);
INSERT INTO `czb_petrol` VALUES ('155781558964995', '225454', '101010', 0, 200, 0.02, 2, NULL, '重庆', '155779902355425', 1, '2019-05-14 20:00:50', '2019-05-14 23:57:22');
INSERT INTO `czb_petrol` VALUES ('1557815589649954', '225454', '101010', 0, 200, 0.02, 2, NULL, '重庆', '155779902355425', 1, '2019-05-14 20:00:10', '2019-05-14 23:25:24');
INSERT INTO `czb_petrol` VALUES ('155781558964996', '225454', '101010', 0, 200, 0.02, 2, NULL, '重庆', '155780071748567', 1, '2019-05-14 20:00:50', '2019-05-15 21:52:29');
INSERT INTO `czb_petrol` VALUES ('155781558964997', '225454', '101010', 0, 200, 0.02, 1, NULL, '重庆', NULL, 1, '2019-05-14 20:01:50', '2019-05-14 20:10:46');
INSERT INTO `czb_petrol` VALUES ('155781558964998', '225454', '101010', 0, 200, 0.02, 2, NULL, '重庆', '155786053583269', 1, '2019-05-14 20:02:58', '2019-05-15 04:38:48');
INSERT INTO `czb_petrol` VALUES ('155781558964999', '225454', '101010', 0, 200, 0.02, 2, NULL, '重庆', '155784439974385', 1, '2019-05-14 20:03:58', '2019-05-15 14:05:31');
INSERT INTO `czb_petrol` VALUES ('155781565434862', '225432', '101010', 0, 100, 0.01, 0, NULL, '重庆', NULL, 0, '2019-05-14 14:35:03', NULL);
INSERT INTO `czb_petrol` VALUES ('155781565435057', '225433', '101010', 0, 100, 0.01, 0, NULL, '重庆', NULL, 0, '2019-05-14 14:35:03', NULL);
INSERT INTO `czb_petrol` VALUES ('155781565435189', '225434', '101010', 0, 100, 0.01, 0, NULL, '重庆', NULL, 0, '2019-05-14 14:35:03', NULL);
INSERT INTO `czb_petrol` VALUES ('155781565435251', '225435', '101010', 0, 100, 0.01, 0, NULL, '重庆', NULL, 0, '2019-05-14 14:35:03', NULL);
INSERT INTO `czb_petrol` VALUES ('155781565435389', '225436', '101010', 1, 100, 0.01, 0, NULL, '重庆', NULL, 1, '2019-05-14 14:35:03', NULL);
INSERT INTO `czb_petrol` VALUES ('155781565435427', '225437', '101010', 1, 100, 0.01, 0, NULL, '重庆', NULL, 1, '2019-05-14 14:35:03', NULL);
INSERT INTO `czb_petrol` VALUES ('155781565435547', '225438', '101010', 1, 100, 0.01, 0, NULL, '重庆', NULL, 1, '2019-05-14 14:35:03', NULL);
INSERT INTO `czb_petrol` VALUES ('155781565435689', '225439', '101010', 1, 200, 0.02, 0, NULL, '重庆', NULL, 1, '2019-05-14 14:35:03', NULL);
INSERT INTO `czb_petrol` VALUES ('155781565435723', '225440', '101010', 1, 200, 0.02, 0, NULL, '重庆', NULL, 1, '2019-05-14 14:35:03', NULL);
INSERT INTO `czb_petrol` VALUES ('155781565435884', '225441', '101010', 1, 200, 0.02, 0, NULL, '重庆', NULL, 1, '2019-05-14 14:35:03', NULL);
INSERT INTO `czb_petrol` VALUES ('155781565435928', '225442', '101010', 1, 200, 0.02, 0, NULL, '重庆', NULL, 1, '2019-05-14 14:35:03', NULL);
INSERT INTO `czb_petrol` VALUES ('155781565436092', '225443', '101010', 1, 200, 0.02, 0, NULL, '重庆', NULL, 1, '2019-05-14 14:35:03', NULL);
INSERT INTO `czb_petrol` VALUES ('155781565436116', '225444', '101010', 2, 200, 0.02, 0, NULL, '重庆', NULL, 1, '2019-05-14 14:35:03', NULL);
INSERT INTO `czb_petrol` VALUES ('155781565436205', '225445', '101010', 2, 200, 0.02, 0, NULL, '重庆', NULL, 1, '2019-05-14 14:35:03', NULL);
INSERT INTO `czb_petrol` VALUES ('155781565436327', '225446', '101010', 2, 300, 0.03, 0, NULL, '重庆', NULL, 1, '2019-05-14 14:35:03', NULL);
INSERT INTO `czb_petrol` VALUES ('155781565436434', '225447', '101010', 2, 300, 0.03, 0, NULL, '重庆', NULL, 1, '2019-05-14 14:35:03', NULL);
INSERT INTO `czb_petrol` VALUES ('155781565436563', '225448', '101010', 2, 300, 0.03, 0, NULL, '重庆', NULL, 1, '2019-05-14 14:35:03', NULL);
INSERT INTO `czb_petrol` VALUES ('155781565436639', '225449', '101010', 2, 300, 0.03, 0, NULL, '重庆', NULL, 1, '2019-05-14 14:35:03', NULL);
INSERT INTO `czb_petrol` VALUES ('155781565436796', '225450', '101010', 2, 300, 0.03, 0, NULL, '重庆', NULL, 1, '2019-05-14 14:35:03', NULL);
INSERT INTO `czb_petrol` VALUES ('155781565436857', '225451', '101010', 2, 300, 0.03, 0, NULL, '重庆', NULL, 1, '2019-05-14 14:35:03', NULL);
INSERT INTO `czb_petrol` VALUES ('155781565436965', '225452', '101010', 2, 300, 0.03, 0, NULL, '重庆', NULL, 1, '2019-05-14 14:35:03', NULL);
INSERT INTO `czb_petrol` VALUES ('155781565437023', '225453', '101010', 2, 300, 0.03, 0, NULL, '重庆', NULL, 1, '2019-05-14 14:35:03', NULL);
INSERT INTO `czb_petrol` VALUES ('155781568104404', '225432', '101010', 0, 100, 0.01, 0, NULL, '重庆', NULL, 0, '2019-05-14 14:35:30', NULL);
INSERT INTO `czb_petrol` VALUES ('155781568104543', '225433', '101010', 0, 100, 0.01, 0, NULL, '重庆', NULL, 0, '2019-05-14 14:35:30', NULL);
INSERT INTO `czb_petrol` VALUES ('155781568104694', '225434', '101010', 0, 100, 0.01, 0, NULL, '重庆', NULL, 0, '2019-05-14 14:35:30', NULL);
INSERT INTO `czb_petrol` VALUES ('155781568104720', '225435', '101010', 0, 100, 0.01, 0, NULL, '重庆', NULL, 0, '2019-05-14 14:35:30', NULL);
INSERT INTO `czb_petrol` VALUES ('155781568104822', '225436', '101010', 1, 100, 0.01, 0, NULL, '重庆', NULL, 1, '2019-05-14 14:35:30', NULL);
INSERT INTO `czb_petrol` VALUES ('155781568104967', '225437', '101010', 1, 100, 0.01, 0, NULL, '重庆', NULL, 1, '2019-05-14 14:35:30', NULL);
INSERT INTO `czb_petrol` VALUES ('155781568105093', '225438', '101010', 1, 100, 0.01, 0, NULL, '重庆', NULL, 1, '2019-05-14 14:35:30', NULL);
INSERT INTO `czb_petrol` VALUES ('155781568105145', '225439', '101010', 1, 200, 0.02, 0, NULL, '重庆', NULL, 1, '2019-05-14 14:35:30', NULL);
INSERT INTO `czb_petrol` VALUES ('155781568105215', '225440', '101010', 1, 200, 0.02, 0, NULL, '重庆', NULL, 1, '2019-05-14 14:35:30', NULL);
INSERT INTO `czb_petrol` VALUES ('155781568105317', '225441', '101010', 1, 200, 0.02, 0, NULL, '重庆', NULL, 1, '2019-05-14 14:35:30', NULL);
INSERT INTO `czb_petrol` VALUES ('155781568105424', '225442', '101010', 1, 200, 0.02, 0, NULL, '重庆', NULL, 1, '2019-05-14 14:35:30', NULL);
INSERT INTO `czb_petrol` VALUES ('155781568105574', '225443', '101010', 1, 200, 0.02, 0, NULL, '重庆', NULL, 1, '2019-05-14 14:35:30', NULL);
INSERT INTO `czb_petrol` VALUES ('155781568105636', '225444', '101010', 2, 200, 0.02, 0, NULL, '重庆', NULL, 1, '2019-05-14 14:35:30', NULL);
INSERT INTO `czb_petrol` VALUES ('155781568105713', '225445', '101010', 2, 200, 0.02, 0, NULL, '重庆', NULL, 1, '2019-05-14 14:35:30', NULL);
INSERT INTO `czb_petrol` VALUES ('155781568105859', '225446', '101010', 2, 300, 0.03, 0, NULL, '重庆', NULL, 1, '2019-05-14 14:35:30', NULL);
INSERT INTO `czb_petrol` VALUES ('155781568105948', '225447', '101010', 2, 300, 0.03, 0, NULL, '重庆', NULL, 1, '2019-05-14 14:35:30', NULL);
INSERT INTO `czb_petrol` VALUES ('155781568106056', '225448', '101010', 2, 300, 0.03, 0, NULL, '重庆', NULL, 1, '2019-05-14 14:35:30', NULL);
INSERT INTO `czb_petrol` VALUES ('155781568106189', '225449', '101010', 2, 300, 0.03, 0, NULL, '重庆', NULL, 1, '2019-05-14 14:35:30', NULL);
INSERT INTO `czb_petrol` VALUES ('155781568106274', '225450', '101010', 2, 300, 0.03, 0, NULL, '重庆', NULL, 1, '2019-05-14 14:35:30', NULL);
INSERT INTO `czb_petrol` VALUES ('155781568106353', '225451', '101010', 2, 300, 0.03, 0, NULL, '重庆', NULL, 1, '2019-05-14 14:35:30', NULL);
INSERT INTO `czb_petrol` VALUES ('155781568106498', '225452', '101010', 2, 300, 0.03, 0, NULL, '重庆', NULL, 1, '2019-05-14 14:35:30', NULL);
INSERT INTO `czb_petrol` VALUES ('155781568106573', '225453', '101010', 2, 300, 0.03, 0, NULL, '重庆', NULL, 1, '2019-05-14 14:35:30', NULL);

-- ----------------------------
-- Table structure for czb_petrol_delivery_records
-- ----------------------------
DROP TABLE IF EXISTS `czb_petrol_delivery_records`;
CREATE TABLE `czb_petrol_delivery_records`  (
  `record_id` varchar(20) CHARACTER SET utf8 COLLATE utf8_general_ci NOT NULL,
  `petrol_num` varchar(20) CHARACTER SET utf8 COLLATE utf8_general_ci NULL DEFAULT NULL,
  `address_id` varchar(20) CHARACTER SET utf8 COLLATE utf8_general_ci NULL DEFAULT NULL,
  `delivery_state` int(1) NULL DEFAULT NULL COMMENT '0 未邮寄，1 邮寄中，2 已收货',
  `delivery_num` varchar(50) CHARACTER SET utf8 COLLATE utf8_general_ci NULL DEFAULT NULL,
  `delivery_company` varchar(50) CHARACTER SET utf8 COLLATE utf8_general_ci NULL DEFAULT NULL,
  `create_at` timestamp(0) NULL DEFAULT NULL,
  `update_at` timestamp(0) NULL DEFAULT NULL ON UPDATE CURRENT_TIMESTAMP(0),
  PRIMARY KEY (`record_id`) USING BTREE
) ENGINE = InnoDB CHARACTER SET = utf8 COLLATE = utf8_general_ci ROW_FORMAT = Dynamic;

-- ----------------------------
-- Records of czb_petrol_delivery_records
-- ----------------------------
INSERT INTO `czb_petrol_delivery_records` VALUES ('155782091507061', '123473', '', 0, NULL, NULL, NULL, NULL);
INSERT INTO `czb_petrol_delivery_records` VALUES ('155782475510642', '123466', '155782407278733', 0, NULL, NULL, NULL, NULL);
INSERT INTO `czb_petrol_delivery_records` VALUES ('155782497922801', '123459', '', 0, NULL, NULL, NULL, NULL);
INSERT INTO `czb_petrol_delivery_records` VALUES ('155782504277081', '1234567859', '', 0, NULL, NULL, NULL, NULL);
INSERT INTO `czb_petrol_delivery_records` VALUES ('155782510636763', '1234567859', '', 0, NULL, NULL, NULL, NULL);
INSERT INTO `czb_petrol_delivery_records` VALUES ('155782512099720', '1234567859', '', 0, NULL, NULL, NULL, NULL);
INSERT INTO `czb_petrol_delivery_records` VALUES ('155782634199250', '123469', '155782398141197', 0, NULL, NULL, NULL, NULL);
INSERT INTO `czb_petrol_delivery_records` VALUES ('155782636590943', '1234567860', '155782398141197', 0, NULL, NULL, NULL, NULL);
INSERT INTO `czb_petrol_delivery_records` VALUES ('155782840268684', '1234567857', '155782398141197', 0, NULL, NULL, NULL, NULL);
INSERT INTO `czb_petrol_delivery_records` VALUES ('155783513181047', '123458', '', 0, NULL, NULL, NULL, NULL);
INSERT INTO `czb_petrol_delivery_records` VALUES ('155784362974993', '123461', '155783405650322', 0, NULL, NULL, NULL, NULL);
INSERT INTO `czb_petrol_delivery_records` VALUES ('155784366077012', '225454', '155783405650322', 0, NULL, NULL, NULL, NULL);
INSERT INTO `czb_petrol_delivery_records` VALUES ('155784368873126', '225454', '', 0, NULL, NULL, NULL, NULL);
INSERT INTO `czb_petrol_delivery_records` VALUES ('155784368978662', '123468', '155783405650322', 0, NULL, NULL, NULL, NULL);
INSERT INTO `czb_petrol_delivery_records` VALUES ('155784501677570', '225454', '155782575840268', 0, NULL, NULL, NULL, NULL);
INSERT INTO `czb_petrol_delivery_records` VALUES ('155784504316212', '123467', '155782489345309', 0, NULL, NULL, NULL, NULL);
INSERT INTO `czb_petrol_delivery_records` VALUES ('155784586758622', '225454', '155782489345309', 0, NULL, NULL, NULL, NULL);
INSERT INTO `czb_petrol_delivery_records` VALUES ('155784610649481', '225454', '155783279452430', 0, NULL, NULL, NULL, NULL);
INSERT INTO `czb_petrol_delivery_records` VALUES ('155784693284140', '225454', '155782489345309', 0, NULL, NULL, NULL, NULL);
INSERT INTO `czb_petrol_delivery_records` VALUES ('155784704440865', '225454', '155783279452430', 0, NULL, NULL, NULL, NULL);
INSERT INTO `czb_petrol_delivery_records` VALUES ('155784710569610', '225454', '155782489345309', 0, NULL, NULL, NULL, NULL);
INSERT INTO `czb_petrol_delivery_records` VALUES ('155784718472467', '225454', '155782489345309', 0, NULL, NULL, NULL, NULL);
INSERT INTO `czb_petrol_delivery_records` VALUES ('155784752408984', '225454', '155783279452430', 0, NULL, NULL, NULL, NULL);
INSERT INTO `czb_petrol_delivery_records` VALUES ('155784944289281', '225454', '155783279452430', 0, NULL, NULL, NULL, NULL);
INSERT INTO `czb_petrol_delivery_records` VALUES ('155786099083842', '123475', '155786081202606', 0, NULL, NULL, NULL, NULL);
INSERT INTO `czb_petrol_delivery_records` VALUES ('155786116875382', '123463', '155786081202606', 0, NULL, NULL, NULL, NULL);
INSERT INTO `czb_petrol_delivery_records` VALUES ('155786632831069', '225454', '155786081202606', 0, NULL, NULL, NULL, NULL);
INSERT INTO `czb_petrol_delivery_records` VALUES ('155787322364265', '1234567864', '155787103564846', 0, NULL, NULL, NULL, NULL);
INSERT INTO `czb_petrol_delivery_records` VALUES ('155788896297453', '225454', '155782575840268', 0, NULL, NULL, NULL, NULL);
INSERT INTO `czb_petrol_delivery_records` VALUES ('155789227407660', '123464', '155789226510459', 0, NULL, NULL, NULL, NULL);
INSERT INTO `czb_petrol_delivery_records` VALUES ('155789282463035', '123471', '155789226510459', 0, NULL, NULL, NULL, NULL);
INSERT INTO `czb_petrol_delivery_records` VALUES ('155789372312476', '123470', '155782575840268', 0, NULL, NULL, NULL, NULL);
INSERT INTO `czb_petrol_delivery_records` VALUES ('155790032964252', '225454', '155784613015387', 0, NULL, NULL, NULL, NULL);
INSERT INTO `czb_petrol_delivery_records` VALUES ('155790037545340', '123465', '155784613015387', 0, NULL, NULL, NULL, NULL);
INSERT INTO `czb_petrol_delivery_records` VALUES ('155790049153962', '1234567868', '155790038681867', 0, NULL, NULL, NULL, NULL);
INSERT INTO `czb_petrol_delivery_records` VALUES ('155790066670713', '123470', '155784613015387', 0, NULL, NULL, NULL, NULL);
INSERT INTO `czb_petrol_delivery_records` VALUES ('155790380307763', '1234567877', '155790379027683', 0, NULL, NULL, NULL, NULL);
INSERT INTO `czb_petrol_delivery_records` VALUES ('155790490588575', '1234567863', '155780313742183', 0, NULL, NULL, NULL, NULL);
INSERT INTO `czb_petrol_delivery_records` VALUES ('155792626773661', '1234567861', '155790379027683', 0, NULL, NULL, NULL, NULL);
INSERT INTO `czb_petrol_delivery_records` VALUES ('155792834763229', '225454', '155780116624829', 0, NULL, NULL, NULL, NULL);
INSERT INTO `czb_petrol_delivery_records` VALUES ('155792838243369', '1234567861', '155780116624829', 0, NULL, NULL, NULL, NULL);

-- ----------------------------
-- Table structure for czb_petrol_sale_config
-- ----------------------------
DROP TABLE IF EXISTS `czb_petrol_sale_config`;
CREATE TABLE `czb_petrol_sale_config`  (
  `petrol_config_id` varchar(20) CHARACTER SET utf8 COLLATE utf8_general_ci NOT NULL,
  `petrol_type` int(1) NULL DEFAULT NULL,
  `area` varchar(20) CHARACTER SET utf8 COLLATE utf8_general_ci NULL DEFAULT NULL,
  `sale_state` int(1) NULL DEFAULT NULL,
  `create_at` timestamp(0) NULL DEFAULT NULL,
  `update_at` timestamp(0) NULL DEFAULT NULL ON UPDATE CURRENT_TIMESTAMP(0),
  PRIMARY KEY (`petrol_config_id`) USING BTREE
) ENGINE = InnoDB CHARACTER SET = utf8 COLLATE = utf8_general_ci ROW_FORMAT = Dynamic;

-- ----------------------------
-- Records of czb_petrol_sale_config
-- ----------------------------
INSERT INTO `czb_petrol_sale_config` VALUES ('090909', 2, '四川', 1, '2019-05-15 15:24:47', '2019-05-15 15:26:26');
INSERT INTO `czb_petrol_sale_config` VALUES ('111', 0, '  重庆', 1, '2019-05-15 15:24:47', '2019-05-15 15:25:31');
INSERT INTO `czb_petrol_sale_config` VALUES ('2222', 1, '  重庆', 1, '2019-05-15 15:24:47', '2019-05-15 15:24:51');
INSERT INTO `czb_petrol_sale_config` VALUES ('44444', 2, '  重庆', 1, '2019-05-15 15:24:47', '2019-05-15 15:25:36');
INSERT INTO `czb_petrol_sale_config` VALUES ('777', 0, '四川', 1, '2019-05-15 15:24:47', '2019-05-15 15:26:22');
INSERT INTO `czb_petrol_sale_config` VALUES ('88888', 1, '四川', 1, '2019-05-15 15:24:47', '2019-05-15 15:24:51');

-- ----------------------------
-- Table structure for czb_petrol_sales_records
-- ----------------------------
DROP TABLE IF EXISTS `czb_petrol_sales_records`;
CREATE TABLE `czb_petrol_sales_records`  (
  `record_id` varchar(20) CHARACTER SET utf8 COLLATE utf8_general_ci NOT NULL,
  `petrol_num` varchar(20) CHARACTER SET utf8 COLLATE utf8_general_ci NULL DEFAULT NULL,
  `buyer_id` varchar(20) CHARACTER SET utf8 COLLATE utf8_general_ci NULL DEFAULT NULL,
  `payment_method` int(1) NULL DEFAULT NULL,
  `third_order_id` varchar(20) CHARACTER SET utf8 COLLATE utf8_general_ci NULL DEFAULT NULL,
  `turnover_amount` double(10, 2) NULL DEFAULT NULL,
  `transaction_time` timestamp(0) NULL DEFAULT NULL ON UPDATE CURRENT_TIMESTAMP(0),
  `petrol_id` varchar(20) CHARACTER SET utf8 COLLATE utf8_general_ci NULL DEFAULT NULL,
  `state` int(255) NULL DEFAULT NULL,
  `contract_id` varchar(20) CHARACTER SET utf8 COLLATE utf8_general_ci NULL DEFAULT NULL,
  `create_at` timestamp(0) NULL DEFAULT NULL,
  `update_at` timestamp(0) NULL DEFAULT NULL ON UPDATE CURRENT_TIMESTAMP(0),
  `record_type` int(1) NULL DEFAULT NULL,
  `is_recharged` int(1) NULL DEFAULT NULL,
  `petrol_kind` int(1) NULL DEFAULT NULL,
  PRIMARY KEY (`record_id`) USING BTREE
) ENGINE = InnoDB CHARACTER SET = utf8 COLLATE = utf8_general_ci ROW_FORMAT = Dynamic;

-- ----------------------------
-- Records of czb_petrol_sales_records
-- ----------------------------
INSERT INTO `czb_petrol_sales_records` VALUES ('155780084898212', '123462', '155779902355425', 1, '155780081430477b-4', 2.00, '2019-05-14 10:27:29', '155756505091057', 1, NULL, '2019-05-14 10:27:29', '2019-05-14 10:27:29', 1, 1, 1);
INSERT INTO `czb_petrol_sales_records` VALUES ('155780172665964', '1234567858', '155780071748567', 1, '1557801721826392-4', 0.00, '2019-05-14 10:42:55', '155772533840323', 1, NULL, '2019-05-14 10:42:55', '2019-05-14 10:42:55', 1, 1, 0);
INSERT INTO `czb_petrol_sales_records` VALUES ('155780186481282', '1234567869', '155780071748567', 1, '1557801859456963-4', 0.00, '2019-05-14 10:45:13', '155772533845418', 1, NULL, '2019-05-14 10:45:13', '2019-05-14 10:45:13', 1, 1, 2);
INSERT INTO `czb_petrol_sales_records` VALUES ('155781157686730', '123457', '155779902355425', 1, '1557811539069473-4', 2.00, '2019-05-14 13:26:17', '155756505090590', 1, NULL, '2019-05-14 13:26:17', '2019-05-14 13:26:17', 1, 1, 0);
INSERT INTO `czb_petrol_sales_records` VALUES ('155781159704949', '123462', '155779902355425', 1, '1557811588893d87-4', 2.00, '2019-05-14 13:26:37', '155756505091057', 1, NULL, '2019-05-14 13:26:37', '2019-05-14 13:26:37', 1, 1, 1);
INSERT INTO `czb_petrol_sales_records` VALUES ('155781161485311', '123476', '155779902355425', 1, '1557811604736cb2-4', 2.00, '2019-05-14 13:26:55', '155756505092054', 1, NULL, '2019-05-14 13:26:55', '2019-05-14 13:26:55', 1, 1, 2);
INSERT INTO `czb_petrol_sales_records` VALUES ('155781176817330', '123462', '155779902355425', 1, '1557811735715918-4', 2.00, '2019-05-14 13:29:28', '155756505091057', 1, NULL, '2019-05-14 13:29:28', '2019-05-14 13:29:28', 1, 1, 1);
INSERT INTO `czb_petrol_sales_records` VALUES ('155781838436249', '123456', '155779902355425', 1, '1557818331050e16-4', 1.00, '2019-05-14 15:19:45', '155756505090187', 1, NULL, '2019-05-14 15:19:45', '2019-05-14 15:19:45', 1, 1, 0);
INSERT INTO `czb_petrol_sales_records` VALUES ('155782056299600', '123462', '155779902355425', 1, '1557820531015c99-4', 2.00, '2019-05-14 15:56:03', '155756505091057', 1, NULL, '2019-05-14 15:56:03', '2019-05-14 15:56:03', 1, 1, 1);
INSERT INTO `czb_petrol_sales_records` VALUES ('155782091496264', '123473', '155782001077606', 1, '1557820873779522-4', 2.00, '2019-05-14 16:01:55', '155756505091935', 1, NULL, '2019-05-14 16:01:55', '2019-05-14 16:01:55', 1, 1, 2);
INSERT INTO `czb_petrol_sales_records` VALUES ('155782475499826', '123466', '155782371092252', 1, '1557824748221b1e-4', 2.00, '2019-05-14 17:05:55', '155756505091464', 1, NULL, '2019-05-14 17:05:55', '2019-05-14 17:05:55', 1, 1, 1);
INSERT INTO `czb_petrol_sales_records` VALUES ('155782497912197', '123459', '155782415996868', 1, '15578249612761c5-4', 4.00, '2019-05-14 17:09:39', '155756505090728', 1, NULL, '2019-05-14 17:09:39', '2019-05-14 17:09:39', 1, 1, 0);
INSERT INTO `czb_petrol_sales_records` VALUES ('155782504266386', '1234567859', '155782415996868', 1, '15578250271406ad-4', 0.00, '2019-05-14 17:10:43', '155772533841499', 1, NULL, '2019-05-14 17:10:43', '2019-05-14 17:10:43', 1, 1, 0);
INSERT INTO `czb_petrol_sales_records` VALUES ('155782510626146', '1234567859', '155781593961203', 1, '15578251009185e8-4', 0.00, '2019-05-14 17:11:47', '155772533841499', 1, NULL, '2019-05-14 17:11:47', '2019-05-14 17:11:47', 1, 1, 0);
INSERT INTO `czb_petrol_sales_records` VALUES ('155782512089276', '1234567859', '155781593961203', 1, '15578251163779cb-4', 0.00, '2019-05-14 17:12:01', '155772533841499', 1, NULL, '2019-05-14 17:12:01', '2019-05-14 17:12:01', 1, 1, 0);
INSERT INTO `czb_petrol_sales_records` VALUES ('155782634188421', '123469', '155782371092252', 1, '155782633626470c-4', 2.00, '2019-05-14 17:32:22', '155756505091655', 1, NULL, '2019-05-14 17:32:22', '2019-05-14 17:32:22', 1, 1, 2);
INSERT INTO `czb_petrol_sales_records` VALUES ('155782635439582', '123466', '155782371092252', 1, '1557826348525c67-4', 2.00, '2019-05-14 17:32:35', '155756505091464', 1, NULL, '2019-05-14 17:32:35', '2019-05-14 17:32:35', 1, 1, 1);
INSERT INTO `czb_petrol_sales_records` VALUES ('155782636580231', '1234567860', '155782371092252', 1, '15578263601921f4-4', 0.00, '2019-05-14 17:32:46', '155772533841562', 1, NULL, '2019-05-14 17:32:46', '2019-05-14 17:32:46', 1, 1, 0);
INSERT INTO `czb_petrol_sales_records` VALUES ('155782651600630', '123466', '155782371092252', 1, '1557826348525c67-4', 2.00, '2019-05-14 17:35:16', '155756505091464', 1, NULL, '2019-05-14 17:35:16', '2019-05-14 17:35:16', 1, 1, 1);
INSERT INTO `czb_petrol_sales_records` VALUES ('155782720899412', '123466', '155782371092252', 1, '1557826348525c67-4', 2.00, '2019-05-14 17:46:49', '155756505091464', 1, NULL, '2019-05-14 17:46:49', '2019-05-14 17:46:49', 1, 1, 1);
INSERT INTO `czb_petrol_sales_records` VALUES ('155782840256023', '1234567857', '155782371092252', 1, '155782839670038e-4', 0.00, '2019-05-14 18:06:43', '155772533839320', 1, NULL, '2019-05-14 18:06:43', '2019-05-14 18:06:43', 1, 1, 0);
INSERT INTO `czb_petrol_sales_records` VALUES ('155783270037107', '123462', '155779902355425', 1, '1557832621810434-4', 2.00, '2019-05-14 19:18:21', '155756505091057', 1, NULL, '2019-05-14 19:18:21', '2019-05-14 19:18:21', 1, 1, 1);
INSERT INTO `czb_petrol_sales_records` VALUES ('155783513170560', '123458', '155782315616542', 1, '155783512221152e-4', 3.00, '2019-05-14 19:58:52', '155756505090680', 1, NULL, '2019-05-14 19:58:52', '2019-05-14 19:58:52', 1, 1, 0);
INSERT INTO `czb_petrol_sales_records` VALUES ('155784362965084', '123461', '155783381244603', 1, '1557843624027e57-4', 2.00, '2019-05-14 22:20:30', '155756505090989', 1, NULL, '2019-05-14 22:20:30', '2019-05-14 22:20:30', 1, 1, 1);
INSERT INTO `czb_petrol_sales_records` VALUES ('155784364716881', '123461', '155783381244603', 1, '1557843642408b5a-4', 2.00, '2019-05-14 22:20:48', '155756505090989', 1, NULL, '2019-05-14 22:20:48', '2019-05-14 22:20:48', 1, 1, 1);
INSERT INTO `czb_petrol_sales_records` VALUES ('155784368968028', '123468', '155783381244603', 1, '1557843684312754-4', 1.00, '2019-05-14 22:21:30', '155756505091651', 1, NULL, '2019-05-14 22:21:30', '2019-05-14 22:21:30', 1, 1, 2);
INSERT INTO `czb_petrol_sales_records` VALUES ('155784504305514', '123467', '155781593961203', 1, '15578450376098ae-4', 3.00, '2019-05-14 22:44:04', '155756505091588', 1, NULL, '2019-05-14 22:44:04', '2019-05-14 22:44:04', 1, 1, 1);
INSERT INTO `czb_petrol_sales_records` VALUES ('155784594695596', '123467', '155781593961203', 1, '15578459313181e7-4', 3.00, '2019-05-14 22:59:07', '155756505091588', 1, NULL, '2019-05-14 22:59:07', '2019-05-14 22:59:07', 1, 1, 1);
INSERT INTO `czb_petrol_sales_records` VALUES ('155784752399102', '225454', '155779902355425', 1, '155784751343093a-4', 0.00, '2019-05-14 23:25:25', '1557815589649954', 1, NULL, '2019-05-14 23:25:25', '2019-05-14 23:25:25', 1, 1, 0);
INSERT INTO `czb_petrol_sales_records` VALUES ('155784944288594', '225454', '155779902355425', 1, '15578494138142a0-4', 0.00, '2019-05-14 23:57:22', '155781558964995', 1, NULL, '2019-05-14 23:57:22', '2019-05-14 23:57:22', 1, 1, 0);
INSERT INTO `czb_petrol_sales_records` VALUES ('155785203294167', '123462', '155779902355425', 1, '1557852002518035-4', 2.00, '2019-05-15 00:40:32', '155756505091057', 1, NULL, '2019-05-15 00:40:32', '2019-05-15 00:40:32', 1, 1, 1);
INSERT INTO `czb_petrol_sales_records` VALUES ('155785653439974', '123462', '155779902355425', 1, '1557856501167501-4', 2.00, '2019-05-15 01:55:34', '155756505091057', 1, NULL, '2019-05-15 01:55:34', '2019-05-15 01:55:34', 1, 1, 1);
INSERT INTO `czb_petrol_sales_records` VALUES ('155785777154538', '123476', '155779902355425', 1, '1557857737711a15-4', 2.00, '2019-05-15 02:16:11', '155756505092054', 1, NULL, '2019-05-15 02:16:11', '2019-05-15 02:16:11', 1, 1, 2);
INSERT INTO `czb_petrol_sales_records` VALUES ('155785872835688', '123466', '155782371092252', 1, '1557858722086bc0-4', 2.00, '2019-05-15 02:32:08', '155756505091464', 1, NULL, '2019-05-15 02:32:08', '2019-05-15 02:32:08', 1, 1, 1);
INSERT INTO `czb_petrol_sales_records` VALUES ('155785938173679', '123476', '155779902355425', 1, '1557859341276c78-4', 2.00, '2019-05-15 02:43:01', '155756505092054', 1, NULL, '2019-05-15 02:43:01', '2019-05-15 02:43:01', 1, 1, 2);
INSERT INTO `czb_petrol_sales_records` VALUES ('155785955615411', '123462', '155779902355425', 1, '1557859541411b2a-4', 2.00, '2019-05-15 02:45:56', '155756505091057', 1, NULL, '2019-05-15 02:45:56', '2019-05-15 02:45:56', 1, 1, 1);
INSERT INTO `czb_petrol_sales_records` VALUES ('155785996565261', '123462', '155779902355425', 1, '1557859958084e7d-4', 2.00, '2019-05-15 02:52:45', '155756505091057', 1, NULL, '2019-05-15 02:52:45', '2019-05-15 02:52:45', 1, 1, 1);
INSERT INTO `czb_petrol_sales_records` VALUES ('155786018423530', '123476', '155779902355425', 1, '1557860177383870-4', 2.00, '2019-05-15 02:56:24', '155756505092054', 1, NULL, '2019-05-15 02:56:24', '2019-05-15 02:56:24', 1, 1, 2);
INSERT INTO `czb_petrol_sales_records` VALUES ('155786026315446', '123462', '155779902355425', 1, '15578602558243a6-4', 2.00, '2019-05-15 02:57:43', '155756505091057', 1, NULL, '2019-05-15 02:57:43', '2019-05-15 02:57:43', 1, 1, 1);
INSERT INTO `czb_petrol_sales_records` VALUES ('155786099083243', '123475', '155786053583269', 1, '1557860976913484-4', 4.00, '2019-05-15 03:09:50', '155756505092020', 1, NULL, '2019-05-15 03:09:50', '2019-05-15 03:09:50', 1, 1, 2);
INSERT INTO `czb_petrol_sales_records` VALUES ('155786116874885', '123463', '155786053583269', 1, '15578611541939f2-4', 3.00, '2019-05-15 03:12:48', '155756505091144', 1, NULL, '2019-05-15 03:12:48', '2019-05-15 03:12:48', 1, 1, 1);
INSERT INTO `czb_petrol_sales_records` VALUES ('155786138115959', '123463', '155786053583269', 1, '1557861373435dfd-4', 3.00, '2019-05-15 03:16:21', '155756505091144', 1, NULL, '2019-05-15 03:16:21', '2019-05-15 03:16:21', 1, 1, 1);
INSERT INTO `czb_petrol_sales_records` VALUES ('155786144538831', '123463', '155786053583269', 1, '1557861435893356-4', 3.00, '2019-05-15 03:17:25', '155756505091144', 1, NULL, '2019-05-15 03:17:25', '2019-05-15 03:17:25', 1, 1, 1);
INSERT INTO `czb_petrol_sales_records` VALUES ('155786270024091', '123466', '155782371092252', 1, '1557862691254b10-4', 2.00, '2019-05-15 03:38:20', '155756505091464', 1, NULL, '2019-05-15 03:38:20', '2019-05-15 03:38:20', 1, 1, 1);
INSERT INTO `czb_petrol_sales_records` VALUES ('155786434129019', '123463', '155786053583269', 1, '155786433341548a-4', 3.00, '2019-05-15 04:05:41', '155756505091144', 1, NULL, '2019-05-15 04:05:41', '2019-05-15 04:05:41', 1, 1, 1);
INSERT INTO `czb_petrol_sales_records` VALUES ('155786560614151', '123463', '155786053583269', 1, '15578655988005aa-4', 3.00, '2019-05-15 04:26:46', '155756505091144', 1, NULL, '2019-05-15 04:26:46', '2019-05-15 04:26:46', 1, 1, 1);
INSERT INTO `czb_petrol_sales_records` VALUES ('155786632830578', '225454', '155786053583269', 1, '15578663227526fb-4', 0.02, '2019-05-15 04:38:48', '155781558964998', 1, NULL, '2019-05-15 04:38:48', '2019-05-15 04:38:48', 1, 1, 0);
INSERT INTO `czb_petrol_sales_records` VALUES ('155786805178402', '123466', '155782371092252', 1, '155786804430990c-4', 2.00, '2019-05-15 05:07:31', '155756505091464', 1, NULL, '2019-05-15 05:07:31', '2019-05-15 05:07:31', 1, 1, 1);
INSERT INTO `czb_petrol_sales_records` VALUES ('155786826569007', '123466', '155782371092252', 1, '15578682348591c1-4', 2.00, '2019-05-15 05:11:05', '155756505091464', 1, NULL, '2019-05-15 05:11:05', '2019-05-15 05:11:05', 1, 1, 1);
INSERT INTO `czb_petrol_sales_records` VALUES ('155787322363544', '1234567864', '155787093029730', 1, '1557873218349be4-4', 0.02, '2019-05-15 06:33:43', '155772533842882', 1, NULL, '2019-05-15 06:33:43', '2019-05-15 06:33:43', 1, 1, 1);
INSERT INTO `czb_petrol_sales_records` VALUES ('155788896285767', '225454', '155781593961203', 1, '15578889572294d8-4', 0.02, '2019-05-15 10:56:04', '155781558964999', 1, NULL, '2019-05-15 10:56:04', '2019-05-15 10:56:04', 1, 1, 0);
INSERT INTO `czb_petrol_sales_records` VALUES ('155789227396510', '123464', '155788971393552', 1, '1557892268818484-4', 4.00, '2019-05-15 11:51:15', '155756505091204', 1, NULL, '2019-05-15 11:51:15', '2019-05-15 11:51:15', 1, 1, 1);
INSERT INTO `czb_petrol_sales_records` VALUES ('155789282452121', '123471', '155788971393552', 1, '1557892819395702-4', 4.00, '2019-05-15 12:00:26', '155756505091831', 1, NULL, '2019-05-15 12:00:26', '2019-05-15 12:00:26', 1, 1, 2);
INSERT INTO `czb_petrol_sales_records` VALUES ('155789372300428', '123470', '155781593961203', 1, '1557893712930fe3-4', 3.00, '2019-05-15 12:15:24', '155756505091727', 1, NULL, '2019-05-15 12:15:24', '2019-05-15 12:15:24', 1, 1, 2);
INSERT INTO `czb_petrol_sales_records` VALUES ('155789375107540', '123467', '155781593961203', 1, '1557893744329de4-4', 3.00, '2019-05-15 12:15:52', '155756505091588', 1, NULL, '2019-05-15 12:15:52', '2019-05-15 12:15:52', 1, 1, 1);
INSERT INTO `czb_petrol_sales_records` VALUES ('155790032953409', '225454', '155784439974385', 1, '1557900307995b18-4', 0.02, '2019-05-15 14:05:31', '155781558964999', 1, NULL, '2019-05-15 14:05:31', '2019-05-15 14:05:31', 1, 1, 0);
INSERT INTO `czb_petrol_sales_records` VALUES ('155790037534299', '123465', '155784439974385', 1, '15579003690876dc-4', 1.00, '2019-05-15 14:06:16', '155756505091364', 1, NULL, '2019-05-15 14:06:16', '2019-05-15 14:06:16', 1, 1, 1);
INSERT INTO `czb_petrol_sales_records` VALUES ('155790049142282', '1234567868', '155782415996868', 1, '1557900393677073-4', 0.02, '2019-05-15 14:08:13', '155772533845391', 1, NULL, '2019-05-15 14:08:13', '2019-05-15 14:08:13', 1, 1, 1);
INSERT INTO `czb_petrol_sales_records` VALUES ('155790066660159', '123470', '155784439974385', 1, '1557900655527e01-4', 3.00, '2019-05-15 14:11:08', '155756505091727', 1, NULL, '2019-05-15 14:11:08', '2019-05-15 14:11:08', 1, 1, 2);
INSERT INTO `czb_petrol_sales_records` VALUES ('155790380297086', '1234567877', '155790032338874', 1, '155790379737703f-4', 0.03, '2019-05-15 15:03:24', '155772533851280', 1, NULL, '2019-05-15 15:03:24', '2019-05-15 15:03:24', 1, 1, 2);
INSERT INTO `czb_petrol_sales_records` VALUES ('155790490577482', '1234567863', '155780105029967', 1, '1557904899293465-4', 0.01, '2019-05-15 15:21:47', '155772533842743', 1, NULL, '2019-05-15 15:21:47', '2019-05-15 15:21:47', 1, 1, 1);
INSERT INTO `czb_petrol_sales_records` VALUES ('155792626761470', '1234567861', '155790032338874', 1, '1557926261439f53-4', 0.01, '2019-05-15 21:17:49', '155772533842572', 1, NULL, '2019-05-15 21:17:49', '2019-05-15 21:17:49', 1, 1, 1);
INSERT INTO `czb_petrol_sales_records` VALUES ('155792829166319', '1234567869', '155780071748567', 1, '1557928285315563-4', 0.02, '2019-05-15 21:51:33', '155772533845418', 1, NULL, '2019-05-15 21:51:33', '2019-05-15 21:51:33', 1, 1, 2);
INSERT INTO `czb_petrol_sales_records` VALUES ('155792834752387', '225454', '155780071748567', 1, '155792834074588e-4', 0.02, '2019-05-15 21:52:29', '155781558964996', 1, NULL, '2019-05-15 21:52:29', '2019-05-15 21:52:29', 1, 1, 0);
INSERT INTO `czb_petrol_sales_records` VALUES ('155792838231779', '1234567861', '155780071748567', 1, '15579283773127ad-4', 0.01, '2019-05-15 21:53:04', '155772533842572', 1, NULL, '2019-05-15 21:53:04', '2019-05-15 21:53:04', 1, 1, 1);

-- ----------------------------
-- Table structure for czb_platform_income_records
-- ----------------------------
DROP TABLE IF EXISTS `czb_platform_income_records`;
CREATE TABLE `czb_platform_income_records`  (
  `record_id` varchar(20) CHARACTER SET utf8 COLLATE utf8_general_ci NOT NULL,
  `contract_record_id` varchar(20) CHARACTER SET utf8 COLLATE utf8_general_ci NULL DEFAULT NULL COMMENT '企业合同记录id',
  `receivable_money` double(10, 2) NULL DEFAULT NULL,
  `actual_receipts_money` double(10, 2) NULL DEFAULT NULL,
  `target_year_month` timestamp(0) NULL DEFAULT NULL ON UPDATE CURRENT_TIMESTAMP(0),
  `enterprise_pay_time` timestamp(0) NULL DEFAULT NULL ON UPDATE CURRENT_TIMESTAMP(0) COMMENT '企业向平台打款日期',
  `state` int(1) NULL DEFAULT NULL COMMENT '0 未收款 1 已收款 2收款异常',
  `is_deleted` int(1) NULL DEFAULT NULL COMMENT '0 未删除 1 已删除',
  `is_need_recharge` int(1) NULL DEFAULT NULL,
  `is_distributed` int(1) NULL DEFAULT NULL,
  PRIMARY KEY (`record_id`) USING BTREE
) ENGINE = InnoDB CHARACTER SET = latin1 COLLATE = latin1_swedish_ci ROW_FORMAT = Dynamic;

-- ----------------------------
-- Table structure for czb_role
-- ----------------------------
DROP TABLE IF EXISTS `czb_role`;
CREATE TABLE `czb_role`  (
  `role_id` varchar(20) CHARACTER SET utf8 COLLATE utf8_general_ci NOT NULL,
  `role_name` varchar(20) CHARACTER SET utf8 COLLATE utf8_general_ci NULL DEFAULT NULL,
  `create_at` timestamp(0) NULL DEFAULT NULL,
  `update_at` timestamp(0) NULL DEFAULT NULL ON UPDATE CURRENT_TIMESTAMP(0),
  PRIMARY KEY (`role_id`) USING BTREE
) ENGINE = InnoDB CHARACTER SET = utf8 COLLATE = utf8_general_ci ROW_FORMAT = Dynamic;

-- ----------------------------
-- Records of czb_role
-- ----------------------------
INSERT INTO `czb_role` VALUES ('155627218194458', '管理员', '2019-04-26 17:49:42', '2019-04-26 17:55:16');
INSERT INTO `czb_role` VALUES ('155627256682623', '超级管理员', '2019-04-26 17:56:06', NULL);

-- ----------------------------
-- Table structure for czb_role_menu
-- ----------------------------
DROP TABLE IF EXISTS `czb_role_menu`;
CREATE TABLE `czb_role_menu`  (
  `id` varchar(20) CHARACTER SET utf8 COLLATE utf8_general_ci NOT NULL,
  `role_id` varchar(20) CHARACTER SET utf8 COLLATE utf8_general_ci NULL DEFAULT NULL,
  `menu_id` varchar(20) CHARACTER SET utf8 COLLATE utf8_general_ci NULL DEFAULT NULL,
  `create_at` timestamp(0) NULL DEFAULT NULL,
  `update_at` timestamp(0) NULL DEFAULT NULL ON UPDATE CURRENT_TIMESTAMP(0),
  PRIMARY KEY (`id`) USING BTREE
) ENGINE = InnoDB CHARACTER SET = utf8 COLLATE = utf8_general_ci ROW_FORMAT = Dynamic;

-- ----------------------------
-- Records of czb_role_menu
-- ----------------------------
INSERT INTO `czb_role_menu` VALUES ('155627218194449', '155627218194458', '155627060335358', '2019-04-26 17:49:41', NULL);
INSERT INTO `czb_role_menu` VALUES ('155627218612354', '155627218194458', '155627060335358', '2019-04-26 17:49:46', NULL);
INSERT INTO `czb_role_menu` VALUES ('155627251157236', '155627218194458', '155627060335358', '2019-04-26 17:55:11', NULL);
INSERT INTO `czb_role_menu` VALUES ('155627251645392', '155627218194458', '155627060335358', '2019-04-26 17:55:16', NULL);
INSERT INTO `czb_role_menu` VALUES ('155627252904101', '155627218194458', '155627060335358', '2019-04-26 17:55:29', '2019-05-07 17:08:12');
INSERT INTO `czb_role_menu` VALUES ('155627252904170', '155627256682623', '155627216533166', '2019-04-26 17:55:29', '2019-05-07 17:08:15');
INSERT INTO `czb_role_menu` VALUES ('155627256682733', '155627256682623', '155627216533166', '2019-04-26 17:56:06', NULL);
INSERT INTO `czb_role_menu` VALUES ('155627256682775', '155627256682623', '155627060335358', '2019-04-26 17:56:06', NULL);
INSERT INTO `czb_role_menu` VALUES ('155627257380365', '155627256682623', '155627216533166', '2019-04-26 17:56:13', NULL);
INSERT INTO `czb_role_menu` VALUES ('155627257380376', '155627256682623', '155627060335358', '2019-04-26 17:56:13', NULL);
INSERT INTO `czb_role_menu` VALUES ('155722016827114', '155627256682623', '155627060335358', '2019-05-07 17:09:56', NULL);
INSERT INTO `czb_role_menu` VALUES ('155722016827119', '155627256682623', '155627216533166', '2019-05-07 17:09:56', NULL);
INSERT INTO `czb_role_menu` VALUES ('155722016827155', '155627256682623', '155661422848449', '2019-05-07 17:09:56', NULL);
INSERT INTO `czb_role_menu` VALUES ('155722016827161', '155627256682623', '155661423572993', '2019-05-07 17:09:56', NULL);
INSERT INTO `czb_role_menu` VALUES ('155722016827174', '155627256682623', '1', '2019-05-07 17:09:56', NULL);
INSERT INTO `czb_role_menu` VALUES ('155722018851302', '155627256682623', '155678877845550', '2019-05-07 17:10:17', NULL);
INSERT INTO `czb_role_menu` VALUES ('155722018851303', '155627256682623', '155662454074739', '2019-05-07 17:10:17', NULL);
INSERT INTO `czb_role_menu` VALUES ('155722018851304', '155627256682623', '155661422848449', '2019-05-07 17:10:17', NULL);
INSERT INTO `czb_role_menu` VALUES ('155722018851305', '155627256682623', '155662477468742', '2019-05-07 17:10:17', NULL);
INSERT INTO `czb_role_menu` VALUES ('155722018851325', '155627256682623', '155662455190444', '2019-05-07 17:10:17', NULL);
INSERT INTO `czb_role_menu` VALUES ('155722018851341', '155627256682623', '155661423572993', '2019-05-07 17:10:17', NULL);
INSERT INTO `czb_role_menu` VALUES ('155722018851350', '155627256682623', '155627060335358', '2019-05-07 17:10:17', NULL);
INSERT INTO `czb_role_menu` VALUES ('155722018851352', '155627256682623', '1', '2019-05-07 17:10:17', NULL);
INSERT INTO `czb_role_menu` VALUES ('155722018851361', '155627256682623', '155627216533166', '2019-05-07 17:10:17', NULL);
INSERT INTO `czb_role_menu` VALUES ('155722018851364', '155627256682623', '155661455645749', '2019-05-07 17:10:17', NULL);
INSERT INTO `czb_role_menu` VALUES ('155722018851381', '155627256682623', '155661523561527', '2019-05-07 17:10:17', NULL);
INSERT INTO `czb_role_menu` VALUES ('155722018851383', '155627256682623', '155662468607499', '2019-05-07 17:10:17', NULL);
INSERT INTO `czb_role_menu` VALUES ('155722018851389', '155627256682623', '155662470252679', '2019-05-07 17:10:17', NULL);
INSERT INTO `czb_role_menu` VALUES ('155730142365707', '155627256682623', '155627060335358', '2019-05-08 15:44:11', NULL);
INSERT INTO `czb_role_menu` VALUES ('155730142365708', '155627256682623', '155730090039740', '2019-05-08 15:44:11', NULL);
INSERT INTO `czb_role_menu` VALUES ('155730142365711', '155627256682623', '155662455190444', '2019-05-08 15:44:11', NULL);
INSERT INTO `czb_role_menu` VALUES ('155730142365712', '155627256682623', '155661455645749', '2019-05-08 15:44:11', NULL);
INSERT INTO `czb_role_menu` VALUES ('155730142365722', '155627256682623', '155662470252679', '2019-05-08 15:44:11', NULL);
INSERT INTO `czb_role_menu` VALUES ('155730142365732', '155627256682623', '155730088560482', '2019-05-08 15:44:11', NULL);
INSERT INTO `czb_role_menu` VALUES ('155730142365737', '155627256682623', '1', '2019-05-08 15:44:11', NULL);
INSERT INTO `czb_role_menu` VALUES ('155730142365742', '155627256682623', '155730086781839', '2019-05-08 15:44:11', NULL);
INSERT INTO `czb_role_menu` VALUES ('155730142365745', '155627256682623', '155627216533166', '2019-05-08 15:44:11', NULL);
INSERT INTO `czb_role_menu` VALUES ('155730142365758', '155627256682623', '155661523561527', '2019-05-08 15:44:11', NULL);
INSERT INTO `czb_role_menu` VALUES ('155730142365781', '155627256682623', '155662454074739', '2019-05-08 15:44:11', NULL);
INSERT INTO `czb_role_menu` VALUES ('155730142365783', '155627256682623', '155662477468742', '2019-05-08 15:44:11', NULL);
INSERT INTO `czb_role_menu` VALUES ('155730142365785', '155627256682623', '155661423572993', '2019-05-08 15:44:11', NULL);
INSERT INTO `czb_role_menu` VALUES ('155730142365786', '155627256682623', '155662468607499', '2019-05-08 15:44:11', NULL);
INSERT INTO `czb_role_menu` VALUES ('155730142365788', '155627256682623', '155678877845550', '2019-05-08 15:44:11', NULL);
INSERT INTO `czb_role_menu` VALUES ('155730142365799', '155627256682623', '155661422848449', '2019-05-08 15:44:11', NULL);
INSERT INTO `czb_role_menu` VALUES ('155739437877000', '155627256682623', '155730086781839', '2019-05-09 17:33:01', NULL);
INSERT INTO `czb_role_menu` VALUES ('155739437877002', '155627256682623', '155661523561527', '2019-05-09 17:33:01', NULL);
INSERT INTO `czb_role_menu` VALUES ('155739437877011', '155627256682623', '155678877845550', '2019-05-09 17:33:01', NULL);
INSERT INTO `czb_role_menu` VALUES ('155739437877014', '155627256682623', '155730090039740', '2019-05-09 17:33:01', NULL);
INSERT INTO `czb_role_menu` VALUES ('155739437877015', '155627256682623', '155662455190444', '2019-05-09 17:33:01', NULL);
INSERT INTO `czb_role_menu` VALUES ('155739437877019', '155627256682623', '155627060335358', '2019-05-09 17:33:01', NULL);
INSERT INTO `czb_role_menu` VALUES ('155739437877022', '155627256682623', '155662470252679', '2019-05-09 17:33:01', NULL);
INSERT INTO `czb_role_menu` VALUES ('155739437877028', '155627256682623', '155661455645749', '2019-05-09 17:33:01', NULL);
INSERT INTO `czb_role_menu` VALUES ('155739437877052', '155627256682623', '1', '2019-05-09 17:33:01', NULL);
INSERT INTO `czb_role_menu` VALUES ('155739437877053', '155627256682623', '155662454074739', '2019-05-09 17:33:01', NULL);
INSERT INTO `czb_role_menu` VALUES ('155739437877061', '155627256682623', '155662468607499', '2019-05-09 17:33:01', NULL);
INSERT INTO `czb_role_menu` VALUES ('155739437877066', '155627256682623', '155661423572993', '2019-05-09 17:33:01', NULL);
INSERT INTO `czb_role_menu` VALUES ('155739437877073', '155627256682623', '155730088560482', '2019-05-09 17:33:01', NULL);
INSERT INTO `czb_role_menu` VALUES ('155739437877074', '155627256682623', '155661422848449', '2019-05-09 17:33:01', NULL);
INSERT INTO `czb_role_menu` VALUES ('155739437877075', '155627256682623', '155662477468742', '2019-05-09 17:33:01', NULL);
INSERT INTO `czb_role_menu` VALUES ('155739437877084', '155627256682623', '155627216533166', '2019-05-09 17:33:01', NULL);
INSERT INTO `czb_role_menu` VALUES ('155790795717801', '155627256682623', '155678877845550', '2019-05-15 16:12:38', NULL);
INSERT INTO `czb_role_menu` VALUES ('155790795717804', '155627256682623', '155662454074739', '2019-05-15 16:12:38', NULL);
INSERT INTO `czb_role_menu` VALUES ('155790795717806', '155627256682623', '155730088560482', '2019-05-15 16:12:38', NULL);
INSERT INTO `czb_role_menu` VALUES ('155790795717807', '155627256682623', '155627216533166', '2019-05-15 16:12:38', NULL);
INSERT INTO `czb_role_menu` VALUES ('155790795717808', '155627256682623', '155730086781839', '2019-05-15 16:12:38', NULL);
INSERT INTO `czb_role_menu` VALUES ('155790795717813', '155627256682623', '155790794107443', '2019-05-15 16:12:38', NULL);
INSERT INTO `czb_role_menu` VALUES ('155790795717815', '155627256682623', '155661422848449', '2019-05-15 16:12:38', NULL);
INSERT INTO `czb_role_menu` VALUES ('155790795717822', '155627256682623', '155662477468742', '2019-05-15 16:12:38', NULL);
INSERT INTO `czb_role_menu` VALUES ('155790795717828', '155627256682623', '155627060335358', '2019-05-15 16:12:38', NULL);
INSERT INTO `czb_role_menu` VALUES ('155790795717841', '155627256682623', '155662468607499', '2019-05-15 16:12:38', NULL);
INSERT INTO `czb_role_menu` VALUES ('155790795717845', '155627256682623', '155661455645749', '2019-05-15 16:12:38', NULL);
INSERT INTO `czb_role_menu` VALUES ('155790795717856', '155627256682623', '155661423572993', '2019-05-15 16:12:38', NULL);
INSERT INTO `czb_role_menu` VALUES ('155790795717863', '155627256682623', '155662455190444', '2019-05-15 16:12:38', NULL);
INSERT INTO `czb_role_menu` VALUES ('155790795717879', '155627256682623', '155661523561527', '2019-05-15 16:12:38', NULL);
INSERT INTO `czb_role_menu` VALUES ('155790795717885', '155627256682623', '155730090039740', '2019-05-15 16:12:38', NULL);
INSERT INTO `czb_role_menu` VALUES ('155790795717888', '155627256682623', '1', '2019-05-15 16:12:38', NULL);
INSERT INTO `czb_role_menu` VALUES ('155790795717889', '155627256682623', '155662470252679', '2019-05-15 16:12:38', NULL);

-- ----------------------------
-- Table structure for czb_service_plan
-- ----------------------------
DROP TABLE IF EXISTS `czb_service_plan`;
CREATE TABLE `czb_service_plan`  (
  `plan_id` varchar(20) CHARACTER SET utf8 COLLATE utf8_general_ci NOT NULL,
  `plan_name` varchar(20) CHARACTER SET utf8 COLLATE utf8_general_ci NULL DEFAULT NULL,
  `plan_amount` double(10, 0) NULL DEFAULT NULL,
  `plan_time` int(2) NULL DEFAULT NULL,
  `rent_back_money` double(10, 0) NULL DEFAULT NULL,
  `pay_money` double(10, 0) NULL DEFAULT NULL,
  `create_at` timestamp(0) NULL DEFAULT NULL,
  `update_at` timestamp(0) NULL DEFAULT NULL ON UPDATE CURRENT_TIMESTAMP(0),
  PRIMARY KEY (`plan_id`) USING BTREE
) ENGINE = InnoDB CHARACTER SET = utf8 COLLATE = utf8_general_ci ROW_FORMAT = Dynamic;

-- ----------------------------
-- Records of czb_service_plan
-- ----------------------------
INSERT INTO `czb_service_plan` VALUES ('1', '企业套餐1', 3000, 3, 10, 2990, '2019-05-20 13:35:19', '2019-05-15 01:12:08');
INSERT INTO `czb_service_plan` VALUES ('155680088965542', '企业套餐2', 25, 26, 26, 26, '2019-05-02 20:41:36', '2019-05-15 01:12:02');
INSERT INTO `czb_service_plan` VALUES ('2', '企业套餐3', 5000, 3, 10, 2990, '2019-05-20 13:35:19', '2019-05-15 01:12:13');
INSERT INTO `czb_service_plan` VALUES ('3', '企业套餐4', 4000, 26, 26, 26, '2019-05-02 20:41:36', '2019-05-15 01:12:18');

-- ----------------------------
-- Table structure for czb_user
-- ----------------------------
DROP TABLE IF EXISTS `czb_user`;
CREATE TABLE `czb_user`  (
  `user_id` varchar(20) CHARACTER SET utf8 COLLATE utf8_general_ci NOT NULL,
  `user_account` varchar(20) CHARACTER SET utf8 COLLATE utf8_general_ci NULL DEFAULT NULL,
  `user_psw` varchar(100) CHARACTER SET utf8 COLLATE utf8_general_ci NULL DEFAULT NULL,
  `user_type` int(1) NULL DEFAULT NULL,
  `user_rank` int(1) NULL DEFAULT NULL,
  `is_identified` int(1) NULL DEFAULT NULL,
  `superior_user` varchar(20) CHARACTER SET utf8 COLLATE utf8_general_ci NULL DEFAULT NULL,
  `is_login_pc` int(1) NULL DEFAULT NULL,
  `user_name` varchar(20) CHARACTER SET utf8 COLLATE utf8_general_ci NULL DEFAULT NULL,
  `user_id_card` varchar(20) CHARACTER SET utf8 COLLATE utf8_general_ci NULL DEFAULT NULL,
  `create_at` timestamp(0) NULL DEFAULT NULL,
  `update_at` timestamp(0) NULL DEFAULT NULL ON UPDATE CURRENT_TIMESTAMP(0),
  `user_yun_id` varchar(255) CHARACTER SET utf8 COLLATE utf8_general_ci NULL DEFAULT NULL,
  `is_deleted` int(1) NULL DEFAULT NULL,
  PRIMARY KEY (`user_id`) USING BTREE
) ENGINE = InnoDB CHARACTER SET = utf8 COLLATE = utf8_general_ci ROW_FORMAT = Dynamic;

-- ----------------------------
-- Records of czb_user
-- ----------------------------
INSERT INTO `czb_user` VALUES ('155583812434620', '123456', '$2a$10$obdBVkq.WvymLOMAuoygG.dOaHMHF247l5A/kk79HbmqUSzLnMrJW', 1, 0, 0, '155779902355425', 1, '123456', NULL, NULL, '2019-05-15 02:14:35', NULL, 0);
INSERT INTO `czb_user` VALUES ('155779897532747', '18008354161', '$2a$10$RsMQxxkC4CNKq4./SepX7euEbMzln/6v1dqoZXpHC8RwA9AQmg/bS', 0, 0, 1, '155779902355425', 0, '曹渝', '500113199803269115', '2019-05-14 01:56:15', '2019-05-15 02:14:33', NULL, 0);
INSERT INTO `czb_user` VALUES ('155779902355425', '13883341522', '$2a$10$TplBp1L2VBGf/bXa0qYt4uw/ncMqITOdcOow6gP723V.Ohp2/LAAa', 0, 0, 1, '13883341522', 0, '李知绯', '513022199901050040', '2019-05-14 09:57:04', '2019-05-15 11:11:18', '5300847', 0);
INSERT INTO `czb_user` VALUES ('155780028358627', '18375786978', '$2a$10$mHpcH4.7e.tqOOlw3T72aey1y8v9DxgDkuT0HWAZcM5EKCBi5Yygu', 1, 0, 1, '155779902355425', 0, '重庆叮铛猫网络科技有限公司', NULL, '2019-05-14 02:18:04', '2019-05-15 02:14:11', '5293709', 0);
INSERT INTO `czb_user` VALUES ('155780071748567', '13372606246', '$2a$10$.V48aAzXQwEiXpkWRUIDGO2n4iT2Dahv6hgRRda/MBqcChEJKytBe', 0, 0, 1, '155779902355425', 0, '林强', '500227199708106119', '2019-05-14 02:25:18', '2019-05-15 22:54:28', '5301980', 0);
INSERT INTO `czb_user` VALUES ('155780105029967', '13996021748', '$2a$10$kevJoXi0p1Gjdjssl2BeFOI2LlSNMTXzbE/x.lsbeL.cGI67cnLXm', 0, 0, 1, '155779902355425', 0, NULL, '500234199808243560', '2019-05-14 02:30:50', '2019-05-15 02:14:18', NULL, 0);
INSERT INTO `czb_user` VALUES ('155781593961203', '15870596710', '$2a$10$nTX/vfh3z64a4bNrzI8MyexLg3KIHQaNm/upR54qiuwBBE.lxb7e6', 1, 0, 1, '155779902355425', 0, '百度烤肉', NULL, '2019-05-14 14:39:00', '2019-05-15 02:14:19', '5296389', 0);
INSERT INTO `czb_user` VALUES ('155782315616542', '13364020219', '$2a$10$PrlorAwUOn5tyqC0gJca0OLSCfcl29Ak9Fu6ekwkt41fti/zxFEuG', 0, 0, 1, '155779902355425', 0, '袁才明', '500235199903289475', '2019-05-14 16:39:16', '2019-05-15 02:14:23', '5297029', 0);
INSERT INTO `czb_user` VALUES ('155782371092252', '15213057126', '$2a$10$SxkyRu0irWX64R2M.h6QDuSclFSaYZ1Qe6NaYU4Z9dZxdX51Pmgzq', 0, 0, 0, '155779902355425', 0, NULL, NULL, '2019-05-14 16:48:31', '2019-05-15 13:57:30', NULL, 0);
INSERT INTO `czb_user` VALUES ('155782415996868', '15826045613', '$2a$10$f1aFxILDAN2SC3.qjHAdE.4VkyZIqTca9zSDp2NFV72nt6F44Mxw2', 0, 0, 1, '155779902355425', 0, '谭斯月', '500225200204037765', '2019-05-14 16:56:00', '2019-05-15 15:15:11', '5297078', 0);
INSERT INTO `czb_user` VALUES ('155783138385018', '13320343756', '$2a$10$j7QOPjgk55kpD1aYvdilT.droEXKA2o8kYy5mtolZ9MzX.LcrNsXm', 0, 0, 0, '155779902355425', 0, NULL, NULL, '2019-05-14 18:56:24', '2019-05-15 02:14:28', NULL, 0);
INSERT INTO `czb_user` VALUES ('155783381244603', '13320343786', '$2a$10$GCinFD5RbNFW1MYusnECQesrY.bkX9N4Qb4.Sao4TNKgnu2i4OSOO', 0, 0, 0, '155779902355425', 0, NULL, NULL, '2019-05-14 19:36:53', '2019-05-15 05:55:00', NULL, 0);
INSERT INTO `czb_user` VALUES ('155786053583269', '15730353007', '$2a$10$UB5lfG3jYgB38S0ZEmal4.I20ykkBelLo4q61xOzMkyMaOTCU3wpy', 0, 0, 0, '155782415996868', 0, NULL, NULL, '2019-05-15 03:02:16', '2019-05-15 03:11:50', NULL, 0);
INSERT INTO `czb_user` VALUES ('155787015265199', '13364030981', '$2a$10$K4LIhurabcML.lhhRZpewe6SxIc9IeFEaSFaodX1uh3iof6timEVa', 0, 0, 0, NULL, 0, NULL, NULL, '2019-05-15 05:42:33', NULL, NULL, 0);
INSERT INTO `czb_user` VALUES ('155787093029730', '13320343786', '$2a$10$rnYiyf/84Tmtt5ZJSTq8LOazSPbagkuTk99uukS.in2E45Vl9qtZO', 0, 0, 0, NULL, 0, NULL, NULL, '2019-05-15 05:55:30', '2019-05-15 13:57:26', NULL, 0);
INSERT INTO `czb_user` VALUES ('155788971393552', '18080687566', '$2a$10$ygSpwCDn4eS1OvmogDoy6OT2h8sGWg4qkl44AFk3phv9UnFZdxOKG', 0, 0, 1, '155779902355425', 0, '罗舒月', '513021199908040228', '2019-05-15 11:08:34', '2019-05-15 11:23:52', NULL, 0);
INSERT INTO `czb_user` VALUES ('155790032338874', '15213057199', '$2a$10$vto9zNr6R3N1iMgV6ukzYe2eiHUyTvblv/GhIdogcq2pfE/3XDz0G', 0, 0, 0, NULL, 0, NULL, NULL, '2019-05-15 14:05:23', '2019-05-15 14:50:07', NULL, 0);
INSERT INTO `czb_user` VALUES ('155790135579795', '15310492791', '$2a$10$gfvSDBnRInTc15V4MXC/NOwb2YCoe6Yxpc8ZbC8wC35rdRL1uRYXS', 0, 0, 0, NULL, 0, NULL, NULL, '2019-05-15 14:22:36', NULL, NULL, 0);
INSERT INTO `czb_user` VALUES ('155790349477115', '15213057125', '$2a$10$Ern1gcFUSM7IdbH/nCHRUOP3FdubRmsFD3A6X01rjJd2jWlADt4/m', 0, 0, 0, NULL, 0, NULL, NULL, '2019-05-15 14:58:15', NULL, NULL, 0);
INSERT INTO `czb_user` VALUES ('155790395870282', '13036345342', '$2a$10$jZXjuZZT7P8mKcJHfZqwK.VxA0/t3N0As9QOiPsrZDloGd0KoOCa2', 0, 0, 0, NULL, 0, NULL, NULL, '2019-05-15 15:05:59', NULL, NULL, 0);
INSERT INTO `czb_user` VALUES ('155793875389331', '18227951118', '$2a$10$TFj4DwGGyEKG0akbUkxWxuLV8NnCYAYUbKLuELCSF3/mUNaOYk69W', 0, 0, 0, NULL, 0, NULL, NULL, '2019-05-16 00:45:54', NULL, NULL, 0);
INSERT INTO `czb_user` VALUES ('155799735761662', '17754943764', '$2a$10$clRgbIp7qXhrogol3HMa8.FGFncIHGNVidZUnsDYXr9/wdUJ20I2.', 0, 0, 0, '155780071748567', 0, NULL, NULL, '2019-05-16 17:02:38', NULL, NULL, 0);

-- ----------------------------
-- Table structure for czb_user_income_info
-- ----------------------------
DROP TABLE IF EXISTS `czb_user_income_info`;
CREATE TABLE `czb_user_income_info`  (
  `info_id` varchar(20) CHARACTER SET utf8 COLLATE utf8_general_ci NOT NULL,
  `user_id` varchar(20) CHARACTER SET utf8 COLLATE utf8_general_ci NULL DEFAULT NULL,
  `fanyong_income` double(10, 2) NULL DEFAULT NULL,
  `share_income` double(10, 2) NULL DEFAULT NULL,
  `pay_total_rent` double(10, 2) NULL DEFAULT NULL,
  `got_total_rent` double(10, 2) NULL DEFAULT NULL,
  `other_income` double(10, 2) NULL DEFAULT NULL,
  `create_at` timestamp(0) NULL DEFAULT NULL,
  `update_at` timestamp(0) NULL DEFAULT NULL ON UPDATE CURRENT_TIMESTAMP(0),
  `withdrawed` double(10, 2) NULL DEFAULT 0.00,
  PRIMARY KEY (`info_id`) USING BTREE
) ENGINE = InnoDB CHARACTER SET = utf8 COLLATE = utf8_general_ci ROW_FORMAT = Dynamic;

-- ----------------------------
-- Records of czb_user_income_info
-- ----------------------------
INSERT INTO `czb_user_income_info` VALUES ('1', '15826045613', NULL, NULL, NULL, NULL, NULL, NULL, NULL, 0.00);
INSERT INTO `czb_user_income_info` VALUES ('155779893725062', '155729605944413', 0.00, 0.00, 0.00, 0.00, 0.00, '2019-05-14 09:55:37', '2019-05-14 09:55:37', 0.00);
INSERT INTO `czb_user_income_info` VALUES ('155779997702468', '155779902355425', 0.41, 0.00, 0.00, 0.00, 0.00, '2019-05-14 10:12:57', '2019-05-15 21:53:04', 0.00);
INSERT INTO `czb_user_income_info` VALUES ('155780039210553', '155780028358627', 0.00, 0.00, 0.00, 0.00, 0.00, '2019-05-14 10:20:41', '2019-05-14 10:20:41', 0.00);
INSERT INTO `czb_user_income_info` VALUES ('155780039210754', '155780028358627', 0.00, 0.00, 0.00, 0.00, 0.00, '2019-05-14 10:20:41', '2019-05-14 10:20:41', 0.00);
INSERT INTO `czb_user_income_info` VALUES ('155780078162309', '155780071748567', 0.00, 0.00, 0.00, 0.00, 0.00, '2019-05-14 10:27:10', '2019-05-15 21:53:05', 0.00);
INSERT INTO `czb_user_income_info` VALUES ('155780078162664', '155780071748567', 0.00, 0.00, 0.00, 0.00, 0.00, '2019-05-14 10:27:10', '2019-05-14 10:27:10', 0.00);
INSERT INTO `czb_user_income_info` VALUES ('155780158151020', '155780105029967', 0.00, 0.00, 0.00, 0.00, 0.00, '2019-05-14 10:40:30', '2019-05-15 15:21:48', 0.00);
INSERT INTO `czb_user_income_info` VALUES ('155780158156983', '155780105029967', 0.00, 0.00, 0.00, 0.00, 0.00, '2019-05-14 10:40:30', '2019-05-14 10:40:30', 0.00);
INSERT INTO `czb_user_income_info` VALUES ('155780569062229', '155758075837539', 0.00, 0.00, 0.00, 0.00, 0.00, '2019-05-14 11:48:11', '2019-05-14 11:48:11', 0.00);
INSERT INTO `czb_user_income_info` VALUES ('155780977810432', '155754952686931', 0.00, 0.00, 0.00, 0.00, 0.00, '2019-05-14 12:56:18', '2019-05-14 12:56:18', 0.00);
INSERT INTO `czb_user_income_info` VALUES ('155781640128614', '155680497010838', 0.00, 0.00, 0.00, 0.00, 0.00, '2019-05-14 14:46:41', '2019-05-14 14:46:41', 0.00);
INSERT INTO `czb_user_income_info` VALUES ('155781640138238', '155680497010838', 0.00, 0.00, 0.00, 0.00, 0.00, '2019-05-14 14:46:42', '2019-05-14 14:46:42', 0.00);
INSERT INTO `czb_user_income_info` VALUES ('155781900172648', '155759771785912', 0.00, 0.00, 0.00, 0.00, 0.00, '2019-05-14 15:30:02', '2019-05-14 15:30:02', 0.00);
INSERT INTO `czb_user_income_info` VALUES ('155782012944067', '155782001077606', 0.00, 0.00, 0.00, 0.00, 0.00, '2019-05-14 15:48:50', '2019-05-14 15:48:50', 0.00);
INSERT INTO `czb_user_income_info` VALUES ('155782352141880', '155782315616542', 0.00, 0.00, 0.00, 0.00, 0.00, '2019-05-14 16:45:22', '2019-05-14 22:21:30', 0.00);
INSERT INTO `czb_user_income_info` VALUES ('155782394825657', '155782371092252', 0.00, 0.00, 0.00, 0.00, 0.00, '2019-05-14 16:52:29', '2019-05-15 05:11:05', 0.00);
INSERT INTO `czb_user_income_info` VALUES ('155782405419693', '155781593961203', 0.00, 0.00, 0.00, 0.00, 0.00, '2019-05-14 16:54:14', '2019-05-15 12:15:53', 0.00);
INSERT INTO `czb_user_income_info` VALUES ('155782417823611', '155782415996868', 1.00, 0.00, 0.00, 0.00, 0.20, '2019-05-14 16:56:18', '2019-05-16 20:52:44', 0.50);
INSERT INTO `czb_user_income_info` VALUES ('155783141184442', '155783138385018', 0.00, 0.00, 0.00, 0.00, 0.00, '2019-05-14 18:56:52', '2019-05-14 18:56:52', 0.00);
INSERT INTO `czb_user_income_info` VALUES ('155783409286452', '155783381244603', 0.00, 0.00, 0.00, 0.00, 0.00, '2019-05-14 19:41:33', '2019-05-14 22:21:31', 0.00);
INSERT INTO `czb_user_income_info` VALUES ('155784442278109', '155784439974385', 0.00, 0.00, 0.00, 0.00, 0.00, '2019-05-14 22:33:43', '2019-05-15 14:11:08', 0.00);
INSERT INTO `czb_user_income_info` VALUES ('155786056977391', '155786053583269', 0.00, 0.00, 0.00, 0.00, 0.00, '2019-05-15 03:02:49', '2019-05-15 04:38:48', 0.00);
INSERT INTO `czb_user_income_info` VALUES ('155787091003936', '155787015265199', 0.00, 0.00, 0.00, 0.00, 0.00, '2019-05-15 05:55:10', '2019-05-15 05:55:10', 0.00);
INSERT INTO `czb_user_income_info` VALUES ('155787110159848', '155787093029730', 0.00, 0.00, 0.00, 0.00, 0.00, '2019-05-15 05:58:21', '2019-05-15 06:33:43', 0.00);
INSERT INTO `czb_user_income_info` VALUES ('155789082230251', '155788971393552', 0.00, 0.00, 0.00, 0.00, 0.00, '2019-05-15 11:27:03', '2019-05-15 12:00:27', 0.00);
INSERT INTO `czb_user_income_info` VALUES ('155789227473215', '13883341522', 0.10, 0.00, NULL, NULL, NULL, '2019-05-15 11:51:16', '2019-05-15 21:53:05', 0.00);
INSERT INTO `czb_user_income_info` VALUES ('155790108077279', '155790032338874', 0.00, 0.00, 0.00, 0.00, 0.00, '2019-05-15 14:18:02', '2019-05-15 21:17:50', 0.00);
INSERT INTO `czb_user_income_info` VALUES ('155790108078377', '155790032338874', 0.00, 0.00, 0.00, 0.00, 0.00, '2019-05-15 14:18:02', '2019-05-15 14:18:02', 0.00);
INSERT INTO `czb_user_income_info` VALUES ('155790138890564', '155790135579795', 0.00, 0.00, 0.00, 0.00, 0.00, '2019-05-15 14:23:10', '2019-05-15 14:23:10', 0.00);
INSERT INTO `czb_user_income_info` VALUES ('155790138890619', '155790135579795', 0.00, 0.00, 0.00, 0.00, 0.00, '2019-05-15 14:23:10', '2019-05-15 14:23:10', 0.00);
INSERT INTO `czb_user_income_info` VALUES ('155790401862023', '155790395870282', 0.00, 0.00, 0.00, 0.00, 0.00, '2019-05-15 15:07:00', '2019-05-15 15:07:00', 0.00);
INSERT INTO `czb_user_income_info` VALUES ('155790401863652', '155790395870282', 0.00, 0.00, 0.00, 0.00, 0.00, '2019-05-15 15:07:00', '2019-05-15 15:07:00', 0.00);
INSERT INTO `czb_user_income_info` VALUES ('155793877329281', '155793875389331', 0.00, 0.00, 0.00, 0.00, 0.00, '2019-05-16 00:46:13', '2019-05-16 00:46:13', 0.00);
INSERT INTO `czb_user_income_info` VALUES ('155799738608634', '155799735761662', 0.00, 0.00, 0.00, 0.00, 0.00, '2019-05-16 17:03:07', '2019-05-16 17:03:07', 0.00);
INSERT INTO `czb_user_income_info` VALUES ('155799738612733', '155799735761662', 0.00, 0.00, 0.00, 0.00, 0.00, '2019-05-16 17:03:07', '2019-05-16 17:03:07', 0.00);

-- ----------------------------
-- Table structure for czb_user_login_info
-- ----------------------------
DROP TABLE IF EXISTS `czb_user_login_info`;
CREATE TABLE `czb_user_login_info`  (
  `record_id` varchar(20) CHARACTER SET utf8 COLLATE utf8_general_ci NOT NULL,
  `login_time` timestamp(0) NULL DEFAULT NULL ON UPDATE CURRENT_TIMESTAMP(0),
  `device_type` varchar(30) CHARACTER SET utf8 COLLATE utf8_general_ci NULL DEFAULT NULL,
  `system_version` varchar(30) CHARACTER SET utf8 COLLATE utf8_general_ci NULL DEFAULT NULL,
  `longitude` varchar(30) CHARACTER SET utf8 COLLATE utf8_general_ci NULL DEFAULT NULL,
  `latitude` varchar(30) CHARACTER SET utf8 COLLATE utf8_general_ci NULL DEFAULT NULL,
  `create_at` timestamp(0) NULL DEFAULT NULL,
  `update_at` timestamp(0) NULL DEFAULT NULL ON UPDATE CURRENT_TIMESTAMP(0),
  PRIMARY KEY (`record_id`) USING BTREE
) ENGINE = InnoDB CHARACTER SET = utf8 COLLATE = utf8_general_ci ROW_FORMAT = Dynamic;

-- ----------------------------
-- Table structure for czb_user_role
-- ----------------------------
DROP TABLE IF EXISTS `czb_user_role`;
CREATE TABLE `czb_user_role`  (
  `id` varchar(20) CHARACTER SET utf8 COLLATE utf8_general_ci NOT NULL,
  `role_id` varchar(20) CHARACTER SET utf8 COLLATE utf8_general_ci NULL DEFAULT NULL,
  `user_id` varchar(20) CHARACTER SET utf8 COLLATE utf8_general_ci NULL DEFAULT NULL,
  `create_at` timestamp(0) NULL DEFAULT NULL,
  `update_at` timestamp(0) NULL DEFAULT NULL ON UPDATE CURRENT_TIMESTAMP(0),
  PRIMARY KEY (`id`) USING BTREE
) ENGINE = InnoDB CHARACTER SET = utf8 COLLATE = utf8_general_ci ROW_FORMAT = Dynamic;

-- ----------------------------
-- Records of czb_user_role
-- ----------------------------
INSERT INTO `czb_user_role` VALUES ('111111111111', '155627256682623', '155583812434620', '2019-05-14 10:20:15', '2019-05-14 10:20:17');

-- ----------------------------
-- Table structure for czb_verification_code
-- ----------------------------
DROP TABLE IF EXISTS `czb_verification_code`;
CREATE TABLE `czb_verification_code`  (
  `verification_code_id` char(20) CHARACTER SET utf8 COLLATE utf8_general_ci NOT NULL,
  `user_account` char(20) CHARACTER SET utf8 COLLATE utf8_general_ci NULL DEFAULT NULL,
  `content` char(250) CHARACTER SET utf8 COLLATE utf8_general_ci NULL DEFAULT NULL,
  `create_at` timestamp(0) NULL DEFAULT NULL,
  `update_at` timestamp(0) NULL DEFAULT NULL,
  `state` tinyint(4) NULL DEFAULT NULL,
  PRIMARY KEY (`verification_code_id`) USING BTREE
) ENGINE = InnoDB CHARACTER SET = utf8 COLLATE = utf8_general_ci ROW_FORMAT = Dynamic;

-- ----------------------------
-- Records of czb_verification_code
-- ----------------------------
INSERT INTO `czb_verification_code` VALUES ('155779894906030', '18008354161', '482228', '2019-05-14 09:55:51', '2019-05-14 09:55:51', 1);
INSERT INTO `czb_verification_code` VALUES ('155779898349548', '13883341522', '802887', '2019-05-14 09:56:24', '2019-05-14 09:56:24', 1);
INSERT INTO `czb_verification_code` VALUES ('155779919764608', '13883341522', '076778', '2019-05-14 09:59:58', '2019-05-14 09:59:58', 1);
INSERT INTO `czb_verification_code` VALUES ('155779927919777', '13883341522', '563581', '2019-05-14 10:01:19', '2019-05-14 10:01:19', 1);
INSERT INTO `czb_verification_code` VALUES ('155779927969716', '13883341522', '058271', '2019-05-14 10:01:20', '2019-05-14 10:01:20', 1);
INSERT INTO `czb_verification_code` VALUES ('155779976753332', '18583497573', '167274', '2019-05-14 10:10:17', '2019-05-14 10:10:17', 1);
INSERT INTO `czb_verification_code` VALUES ('155780026207758', '18375786978', '045811', '2019-05-14 10:17:43', '2019-05-14 10:17:43', 1);
INSERT INTO `czb_verification_code` VALUES ('155780066781518', '13372606246', '823030', '2019-05-14 10:25:17', '2019-05-14 10:25:17', 1);
INSERT INTO `czb_verification_code` VALUES ('155780066790083', '13372606246', '142614', '2019-05-14 10:25:17', '2019-05-14 10:25:17', 1);
INSERT INTO `czb_verification_code` VALUES ('155780066807557', '13372606246', '600422', '2019-05-14 10:25:17', '2019-05-14 10:25:17', 1);
INSERT INTO `czb_verification_code` VALUES ('155780066822801', '13372606246', '256704', '2019-05-14 10:25:17', '2019-05-14 10:25:17', 1);
INSERT INTO `czb_verification_code` VALUES ('155780101943993', '13996021748', '812176', '2019-05-14 10:31:09', '2019-05-14 10:31:09', 1);
INSERT INTO `czb_verification_code` VALUES ('155780101972018', '13996021748', '887281', '2019-05-14 10:31:09', '2019-05-14 10:31:09', 1);
INSERT INTO `czb_verification_code` VALUES ('155780114695652', '13996021748', '458368', '2019-05-14 10:33:16', '2019-05-14 10:33:16', 1);
INSERT INTO `czb_verification_code` VALUES ('155780114758317', '13996021748', '172347', '2019-05-14 10:33:16', '2019-05-14 10:33:16', 1);
INSERT INTO `czb_verification_code` VALUES ('155780125591538', '13996021748', '368625', '2019-05-14 10:35:05', '2019-05-14 10:35:05', 1);
INSERT INTO `czb_verification_code` VALUES ('155780125650284', '13996021748', '567307', '2019-05-14 10:35:05', '2019-05-14 10:35:05', 1);
INSERT INTO `czb_verification_code` VALUES ('155780143201281', '13883341522', '503517', '2019-05-14 10:37:12', '2019-05-14 10:37:12', 1);
INSERT INTO `czb_verification_code` VALUES ('155780214564614', '18008354161', '840362', '2019-05-14 10:49:08', '2019-05-14 10:49:08', 1);
INSERT INTO `czb_verification_code` VALUES ('155780255155825', '13996021748', '834863', '2019-05-14 10:56:40', '2019-05-14 10:56:40', 1);
INSERT INTO `czb_verification_code` VALUES ('155780996826705', '15870596710', '822168', '2019-05-14 12:59:29', '2019-05-14 12:59:29', 1);
INSERT INTO `czb_verification_code` VALUES ('155781022891182', '15870596710', '752646', '2019-05-14 13:03:49', '2019-05-14 13:03:49', 1);
INSERT INTO `czb_verification_code` VALUES ('155781046073026', '15870596710', '112222', '2019-05-14 13:07:41', '2019-05-14 13:07:41', 1);
INSERT INTO `czb_verification_code` VALUES ('155781097321813', '15870596710', '017258', '2019-05-14 13:16:14', '2019-05-14 13:16:14', 1);
INSERT INTO `czb_verification_code` VALUES ('155781186582048', '15870596710', '747133', '2019-05-14 13:31:06', '2019-05-14 13:31:06', 0);
INSERT INTO `czb_verification_code` VALUES ('155781207260423', '15870596710', '268573', '2019-05-14 13:34:33', '2019-05-14 13:34:33', 0);
INSERT INTO `czb_verification_code` VALUES ('155781250673087', '15870596710', '744147', '2019-05-14 13:41:47', '2019-05-14 13:41:47', 0);
INSERT INTO `czb_verification_code` VALUES ('155781253232141', '15870596710', '810128', '2019-05-14 13:42:13', '2019-05-14 13:42:13', 1);
INSERT INTO `czb_verification_code` VALUES ('155781592170238', '15870596710', '027112', '2019-05-14 14:38:42', '2019-05-14 14:38:42', 1);
INSERT INTO `czb_verification_code` VALUES ('155781998603872', '15310492791', '055040', '2019-05-14 15:46:29', '2019-05-14 15:46:29', 1);
INSERT INTO `czb_verification_code` VALUES ('155782058889812', '18008354161', '172134', '2019-05-14 15:56:30', '2019-05-14 15:56:30', 1);
INSERT INTO `czb_verification_code` VALUES ('155782314156242', '13364020219', '827085', '2019-05-14 16:39:02', '2019-05-14 16:39:02', 0);
INSERT INTO `czb_verification_code` VALUES ('155782355674193', '13364020219', '308271', '2019-05-14 16:46:00', '2019-05-14 16:46:00', 0);
INSERT INTO `czb_verification_code` VALUES ('155782367724101', '15213057125', '150708', '2019-05-14 16:47:58', '2019-05-14 16:47:58', 1);
INSERT INTO `czb_verification_code` VALUES ('155782367747546', '15213057125', '762184', '2019-05-14 16:47:58', '2019-05-14 16:47:58', 1);
INSERT INTO `czb_verification_code` VALUES ('155782376899193', '13364020219', '711281', '2019-05-14 16:49:29', '2019-05-14 16:49:29', 1);
INSERT INTO `czb_verification_code` VALUES ('155782408329854', '15826045613', '426887', '2019-05-14 16:54:44', '2019-05-14 16:54:44', 1);
INSERT INTO `czb_verification_code` VALUES ('155782410326152', '15870596710', '548780', '2019-05-14 16:55:04', '2019-05-14 16:55:04', 1);
INSERT INTO `czb_verification_code` VALUES ('155782432957585', '15826045613', '432187', '2019-05-14 16:58:50', '2019-05-14 16:58:50', 1);
INSERT INTO `czb_verification_code` VALUES ('155782443177926', '15826045613', '802011', '2019-05-14 17:00:32', '2019-05-14 17:00:32', 1);
INSERT INTO `czb_verification_code` VALUES ('155782465317642', '15826045613', '786712', '2019-05-14 17:04:14', '2019-05-14 17:04:14', 0);
INSERT INTO `czb_verification_code` VALUES ('155782598287828', '13364020219', '275663', '2019-05-14 17:26:23', '2019-05-14 17:26:23', 1);
INSERT INTO `czb_verification_code` VALUES ('155782661786584', '13364020219', '657421', '2019-05-14 17:36:58', '2019-05-14 17:36:58', 0);
INSERT INTO `czb_verification_code` VALUES ('155782704133964', '15520024205', '668551', '2019-05-14 17:44:02', '2019-05-14 17:44:02', 1);
INSERT INTO `czb_verification_code` VALUES ('155783007680101', '13364020219', '758566', '2019-05-14 18:34:37', '2019-05-14 18:34:37', 1);
INSERT INTO `czb_verification_code` VALUES ('155783075035849', '13320343756', '864521', '2019-05-14 18:45:52', '2019-05-14 18:45:52', 1);
INSERT INTO `czb_verification_code` VALUES ('155783075051659', '13320343756', '803060', '2019-05-14 18:45:52', '2019-05-14 18:45:52', 1);
INSERT INTO `czb_verification_code` VALUES ('155783075124641', '13320343756', '288557', '2019-05-14 18:45:52', '2019-05-14 18:45:52', 1);
INSERT INTO `czb_verification_code` VALUES ('155783075151974', '13320343756', '341172', '2019-05-14 18:45:52', '2019-05-14 18:45:52', 1);
INSERT INTO `czb_verification_code` VALUES ('155783075180421', '13320343756', '517686', '2019-05-14 18:45:52', '2019-05-14 18:45:52', 1);
INSERT INTO `czb_verification_code` VALUES ('155783075199263', '13320343756', '378403', '2019-05-14 18:45:52', '2019-05-14 18:45:52', 1);
INSERT INTO `czb_verification_code` VALUES ('155783075206589', '13320343756', '566774', '2019-05-14 18:45:52', '2019-05-14 18:45:52', 1);
INSERT INTO `czb_verification_code` VALUES ('155783136421740', '13320343796', '226552', '2019-05-14 18:56:05', '2019-05-14 18:56:05', 1);
INSERT INTO `czb_verification_code` VALUES ('155783136494582', '13320343796', '618647', '2019-05-14 18:56:05', '2019-05-14 18:56:05', 1);
INSERT INTO `czb_verification_code` VALUES ('155783204764874', '13883341522', '615751', '2019-05-14 19:07:28', '2019-05-14 19:07:28', 1);
INSERT INTO `czb_verification_code` VALUES ('155783218745636', '13883341522', '867707', '2019-05-14 19:09:48', '2019-05-14 19:09:48', 1);
INSERT INTO `czb_verification_code` VALUES ('155783236172323', '15826045613', '136542', '2019-05-14 19:12:42', '2019-05-14 19:12:42', 1);
INSERT INTO `czb_verification_code` VALUES ('155783282890485', '13320343796', '244416', '2019-05-14 19:20:30', '2019-05-14 19:20:30', 1);
INSERT INTO `czb_verification_code` VALUES ('155783365694827', '13883341522', '203008', '2019-05-14 19:34:19', '2019-05-14 19:34:19', 1);
INSERT INTO `czb_verification_code` VALUES ('155783373924815', '13320343796', '163464', '2019-05-14 19:35:40', '2019-05-14 19:35:40', 1);
INSERT INTO `czb_verification_code` VALUES ('155783380527230', '13320343796', '307736', '2019-05-14 19:36:46', '2019-05-14 19:36:46', 1);
INSERT INTO `czb_verification_code` VALUES ('155783394410136', '13320343796', '553456', '2019-05-14 19:39:05', '2019-05-14 19:39:05', 1);
INSERT INTO `czb_verification_code` VALUES ('155783419743580', '15520024205', '725382', '2019-05-14 19:43:18', '2019-05-14 19:43:18', 1);
INSERT INTO `czb_verification_code` VALUES ('155783472655488', '15520024205', '534501', '2019-05-14 19:52:07', '2019-05-14 19:52:07', 1);
INSERT INTO `czb_verification_code` VALUES ('155783476684741', '15520024205', '688760', '2019-05-14 19:52:47', '2019-05-14 19:52:47', 1);
INSERT INTO `czb_verification_code` VALUES ('155783479425469', '15520024205', '676851', '2019-05-14 19:53:23', '2019-05-14 19:53:23', 1);
INSERT INTO `czb_verification_code` VALUES ('155783480229554', '15520024205', '445010', '2019-05-14 19:53:23', '2019-05-14 19:53:23', 1);
INSERT INTO `czb_verification_code` VALUES ('155783480240599', '15520024205', '533811', '2019-05-14 19:53:23', '2019-05-14 19:53:23', 1);
INSERT INTO `czb_verification_code` VALUES ('155783502145913', '15520024205', '544884', '2019-05-14 19:57:02', '2019-05-14 19:57:02', 0);
INSERT INTO `czb_verification_code` VALUES ('155783802028220', '13320343756', '530367', '2019-05-14 20:47:01', '2019-05-14 20:47:01', 1);
INSERT INTO `czb_verification_code` VALUES ('155783803913324', '15213057125', '768042', '2019-05-14 20:47:20', '2019-05-14 20:47:20', 1);
INSERT INTO `czb_verification_code` VALUES ('155783807034981', '15213057125', '480046', '2019-05-14 20:47:51', '2019-05-14 20:47:51', 1);
INSERT INTO `czb_verification_code` VALUES ('155783818918711', '15213057125', '710661', '2019-05-14 20:49:50', '2019-05-14 20:49:50', 1);
INSERT INTO `czb_verification_code` VALUES ('155783825785572', '15213057125', '708155', '2019-05-14 20:51:09', '2019-05-14 20:51:09', 1);
INSERT INTO `czb_verification_code` VALUES ('155783826871751', '15213057125', '858366', '2019-05-14 20:51:11', '2019-05-14 20:51:11', 1);
INSERT INTO `czb_verification_code` VALUES ('155783826876054', '15213057125', '603770', '2019-05-14 20:51:11', '2019-05-14 20:51:11', 1);
INSERT INTO `czb_verification_code` VALUES ('155783826876248', '15213057125', '022331', '2019-05-14 20:51:11', '2019-05-14 20:51:11', 1);
INSERT INTO `czb_verification_code` VALUES ('155783826876274', '15213057125', '454315', '2019-05-14 20:51:11', '2019-05-14 20:51:11', 1);
INSERT INTO `czb_verification_code` VALUES ('155783827065635', '15213057125', '877032', '2019-05-14 20:51:11', '2019-05-14 20:51:11', 1);
INSERT INTO `czb_verification_code` VALUES ('155783827084552', '15213057125', '421414', '2019-05-14 20:51:11', '2019-05-14 20:51:11', 1);
INSERT INTO `czb_verification_code` VALUES ('155783827085366', '15213057125', '406825', '2019-05-14 20:51:11', '2019-05-14 20:51:11', 1);
INSERT INTO `czb_verification_code` VALUES ('155783827085552', '15213057125', '888127', '2019-05-14 20:51:11', '2019-05-14 20:51:11', 1);
INSERT INTO `czb_verification_code` VALUES ('155783827086944', '15213057125', '308062', '2019-05-14 20:51:11', '2019-05-14 20:51:11', 1);
INSERT INTO `czb_verification_code` VALUES ('155783827089357', '15213057125', '170015', '2019-05-14 20:51:11', '2019-05-14 20:51:11', 1);
INSERT INTO `czb_verification_code` VALUES ('155783827102623', '15213057125', '588138', '2019-05-14 20:51:12', '2019-05-14 20:51:12', 1);
INSERT INTO `czb_verification_code` VALUES ('155783827120142', '15213057125', '051546', '2019-05-14 20:51:12', '2019-05-14 20:51:12', 1);
INSERT INTO `czb_verification_code` VALUES ('155783827120170', '15213057125', '464307', '2019-05-14 20:51:12', '2019-05-14 20:51:12', 1);
INSERT INTO `czb_verification_code` VALUES ('155783827121347', '15213057125', '020110', '2019-05-14 20:51:12', '2019-05-14 20:51:12', 1);
INSERT INTO `czb_verification_code` VALUES ('155783827123942', '15213057125', '565684', '2019-05-14 20:51:12', '2019-05-14 20:51:12', 1);
INSERT INTO `czb_verification_code` VALUES ('155783827130370', '15213057125', '614440', '2019-05-14 20:51:12', '2019-05-14 20:51:12', 1);
INSERT INTO `czb_verification_code` VALUES ('155783827136584', '15213057125', '832140', '2019-05-14 20:51:12', '2019-05-14 20:51:12', 1);
INSERT INTO `czb_verification_code` VALUES ('155783827139271', '15213057125', '131502', '2019-05-14 20:51:12', '2019-05-14 20:51:12', 1);
INSERT INTO `czb_verification_code` VALUES ('155783827155440', '15213057125', '113104', '2019-05-14 20:51:12', '2019-05-14 20:51:12', 1);
INSERT INTO `czb_verification_code` VALUES ('155783827155691', '15213057125', '363350', '2019-05-14 20:51:12', '2019-05-14 20:51:12', 1);
INSERT INTO `czb_verification_code` VALUES ('155783827156517', '15213057125', '266675', '2019-05-14 20:51:12', '2019-05-14 20:51:12', 1);
INSERT INTO `czb_verification_code` VALUES ('155783827162170', '15213057125', '182360', '2019-05-14 20:51:12', '2019-05-14 20:51:12', 1);
INSERT INTO `czb_verification_code` VALUES ('155783827165845', '15213057125', '420707', '2019-05-14 20:51:12', '2019-05-14 20:51:12', 1);
INSERT INTO `czb_verification_code` VALUES ('155783827172118', '15213057125', '308468', '2019-05-14 20:51:12', '2019-05-14 20:51:12', 1);
INSERT INTO `czb_verification_code` VALUES ('155783827174992', '15213057125', '800652', '2019-05-14 20:51:12', '2019-05-14 20:51:12', 1);
INSERT INTO `czb_verification_code` VALUES ('155783829760850', '13320343796', '287761', '2019-05-14 20:51:38', '2019-05-14 20:51:38', 1);
INSERT INTO `czb_verification_code` VALUES ('155783853748401', '15213057125', '540106', '2019-05-14 20:55:38', '2019-05-14 20:55:38', 1);
INSERT INTO `czb_verification_code` VALUES ('155783858079354', '15213057125', '162604', '2019-05-14 20:56:21', '2019-05-14 20:56:21', 1);
INSERT INTO `czb_verification_code` VALUES ('155783896362906', '15520024205', '336184', '2019-05-14 21:02:44', '2019-05-14 21:02:44', 1);
INSERT INTO `czb_verification_code` VALUES ('155783905371433', '15520024205', '620652', '2019-05-14 21:04:14', '2019-05-14 21:04:14', 1);
INSERT INTO `czb_verification_code` VALUES ('155783921929684', '13320343796', '837722', '2019-05-14 21:07:00', '2019-05-14 21:07:00', 1);
INSERT INTO `czb_verification_code` VALUES ('155783962351504', '15520024205', '610605', '2019-05-14 21:13:44', '2019-05-14 21:13:44', 1);
INSERT INTO `czb_verification_code` VALUES ('155783983519884', '15520024205', '654661', '2019-05-14 21:17:16', '2019-05-14 21:17:16', 1);
INSERT INTO `czb_verification_code` VALUES ('155784050955206', '15520024205', '161823', '2019-05-14 21:29:08', '2019-05-14 21:29:08', 1);
INSERT INTO `czb_verification_code` VALUES ('155784054754593', '15520024205', '627227', '2019-05-14 21:29:08', '2019-05-14 21:29:08', 1);
INSERT INTO `czb_verification_code` VALUES ('155784059315984', '15520024205', '612560', '2019-05-14 21:29:54', '2019-05-14 21:29:54', 1);
INSERT INTO `czb_verification_code` VALUES ('155784072407693', '15520024205', '861530', '2019-05-14 21:32:05', '2019-05-14 21:32:05', 1);
INSERT INTO `czb_verification_code` VALUES ('155784073903350', '15520024205', '047113', '2019-05-14 21:32:20', '2019-05-14 21:32:20', 1);
INSERT INTO `czb_verification_code` VALUES ('155784126473324', '15520024205', '163541', '2019-05-14 21:41:07', '2019-05-14 21:41:07', 1);
INSERT INTO `czb_verification_code` VALUES ('155784129358575', '15520024205', '181065', '2019-05-14 21:41:34', '2019-05-14 21:41:34', 1);
INSERT INTO `czb_verification_code` VALUES ('155784132906689', '15520024205', '513058', '2019-05-14 21:42:10', '2019-05-14 21:42:10', 1);
INSERT INTO `czb_verification_code` VALUES ('155784133541792', '15520024205', '412625', '2019-05-14 21:42:16', '2019-05-14 21:42:16', 1);
INSERT INTO `czb_verification_code` VALUES ('155784138778808', '15520024205', '088067', '2019-05-14 21:43:08', '2019-05-14 21:43:08', 1);
INSERT INTO `czb_verification_code` VALUES ('155784139288980', '15520024205', '666466', '2019-05-14 21:43:13', '2019-05-14 21:43:13', 1);
INSERT INTO `czb_verification_code` VALUES ('155784149055563', '15520024205', '003161', '2019-05-14 21:44:51', '2019-05-14 21:44:51', 0);
INSERT INTO `czb_verification_code` VALUES ('155784151594666', '15520024205', '725738', '2019-05-14 21:45:17', '2019-05-14 21:45:17', 0);
INSERT INTO `czb_verification_code` VALUES ('155784220239152', '15520024205', '123703', '2019-05-14 21:56:43', '2019-05-14 21:56:43', 1);
INSERT INTO `czb_verification_code` VALUES ('155784437238423', '15310490895', '105438', '2019-05-14 22:32:56', '2019-05-14 22:32:56', 1);
INSERT INTO `czb_verification_code` VALUES ('155784437458267', '15310490895', '822527', '2019-05-14 22:32:56', '2019-05-14 22:32:56', 1);
INSERT INTO `czb_verification_code` VALUES ('155784469612723', '15310490895', '035476', '2019-05-14 22:38:17', '2019-05-14 22:38:17', 1);
INSERT INTO `czb_verification_code` VALUES ('155784739139854', '15870596710', '511865', '2019-05-14 23:23:12', '2019-05-14 23:23:12', 1);
INSERT INTO `czb_verification_code` VALUES ('155784745165590', '15310490895', '743676', '2019-05-14 23:24:12', '2019-05-14 23:24:12', 1);
INSERT INTO `czb_verification_code` VALUES ('155786041953523', '15730353007', '062038', '2019-05-15 03:00:19', '2019-05-15 03:00:19', 1);
INSERT INTO `czb_verification_code` VALUES ('155786916677540', '13883341522', '203031', '2019-05-15 05:26:07', '2019-05-15 05:26:07', 1);
INSERT INTO `czb_verification_code` VALUES ('155787011915245', '13364030981', '123834', '2019-05-15 05:41:59', '2019-05-15 05:41:59', 1);
INSERT INTO `czb_verification_code` VALUES ('155787091819674', '13320343796', '800438', '2019-05-15 05:55:18', '2019-05-15 05:55:18', 1);
INSERT INTO `czb_verification_code` VALUES ('155787096775884', '13320343796', '455457', '2019-05-15 05:56:07', '2019-05-15 05:56:07', 1);
INSERT INTO `czb_verification_code` VALUES ('155787096804800', '13320343796', '851068', '2019-05-15 05:56:08', '2019-05-15 05:56:08', 1);
INSERT INTO `czb_verification_code` VALUES ('155787101032212', '13883341522', '488208', '2019-05-15 05:56:50', '2019-05-15 05:56:50', 1);
INSERT INTO `czb_verification_code` VALUES ('155787116155114', '13883341522', '411360', '2019-05-15 05:59:21', '2019-05-15 05:59:21', 1);
INSERT INTO `czb_verification_code` VALUES ('155787123365168', '13883341522', '332430', '2019-05-15 06:00:33', '2019-05-15 06:00:33', 1);
INSERT INTO `czb_verification_code` VALUES ('155787167688470', '13883341522', '764604', '2019-05-15 06:07:57', '2019-05-15 06:07:57', 1);
INSERT INTO `czb_verification_code` VALUES ('155787244337525', '15213057125', '707581', '2019-05-15 06:20:43', '2019-05-15 06:20:43', 1);
INSERT INTO `czb_verification_code` VALUES ('155787244382222', '15213057125', '864570', '2019-05-15 06:20:43', '2019-05-15 06:20:43', 1);
INSERT INTO `czb_verification_code` VALUES ('155787271985728', '13320343796', '285565', '2019-05-15 06:25:19', '2019-05-15 06:25:19', 1);
INSERT INTO `czb_verification_code` VALUES ('155787272016608', '13320343796', '310315', '2019-05-15 06:25:20', '2019-05-15 06:25:20', 1);
INSERT INTO `czb_verification_code` VALUES ('155788913188726', '13883341522', '025836', '2019-05-15 10:58:53', '2019-05-15 10:58:53', 1);
INSERT INTO `czb_verification_code` VALUES ('155788967540554', '18080687566', '472172', '2019-05-15 11:07:57', '2019-05-15 11:07:57', 1);
INSERT INTO `czb_verification_code` VALUES ('155789045363206', '13883341522', '880758', '2019-05-15 11:20:55', '2019-05-15 11:20:55', 1);
INSERT INTO `czb_verification_code` VALUES ('155789060652023', '13883341522', '774225', '2019-05-15 11:23:31', '2019-05-15 11:23:31', 1);
INSERT INTO `czb_verification_code` VALUES ('155790031100976', '15213057125', '764615', '2019-05-15 14:05:12', '2019-05-15 14:05:12', 1);
INSERT INTO `czb_verification_code` VALUES ('155790034791123', '15213057125', '240421', '2019-05-15 14:05:49', '2019-05-15 14:05:49', 1);
INSERT INTO `czb_verification_code` VALUES ('155790034854705', '15213057125', '610606', '2019-05-15 14:05:50', '2019-05-15 14:05:50', 1);
INSERT INTO `czb_verification_code` VALUES ('155790061641881', '13372606246', '260067', '2019-05-15 14:10:18', '2019-05-15 14:10:18', 1);
INSERT INTO `czb_verification_code` VALUES ('155790061710299', '13372606246', '814246', '2019-05-15 14:10:18', '2019-05-15 14:10:18', 1);
INSERT INTO `czb_verification_code` VALUES ('155790083984199', '13372606246', '265533', '2019-05-15 14:14:01', '2019-05-15 14:14:01', 1);
INSERT INTO `czb_verification_code` VALUES ('155790084070192', '13372606246', '572762', '2019-05-15 14:14:02', '2019-05-15 14:14:02', 1);
INSERT INTO `czb_verification_code` VALUES ('155790100089245', '13372606246', '620711', '2019-05-15 14:16:42', '2019-05-15 14:16:42', 1);
INSERT INTO `czb_verification_code` VALUES ('155790104061810', '15213057125', '513302', '2019-05-15 14:17:22', '2019-05-15 14:17:22', 1);
INSERT INTO `czb_verification_code` VALUES ('155790104133603', '15213057125', '808162', '2019-05-15 14:17:23', '2019-05-15 14:17:23', 1);
INSERT INTO `czb_verification_code` VALUES ('155790132932348', '15310492791', '514520', '2019-05-15 14:22:11', '2019-05-15 14:22:11', 1);
INSERT INTO `czb_verification_code` VALUES ('155790264042270', '13372606246', '205485', '2019-05-15 14:44:02', '2019-05-15 14:44:02', 1);
INSERT INTO `czb_verification_code` VALUES ('155790306003071', '15213057125', '112410', '2019-05-15 14:51:01', '2019-05-15 14:51:01', 1);
INSERT INTO `czb_verification_code` VALUES ('155790347851462', '15213057125', '448158', '2019-05-15 14:58:00', '2019-05-15 14:58:00', 1);
INSERT INTO `czb_verification_code` VALUES ('155790394900218', '13036345342', '578084', '2019-05-15 15:05:50', '2019-05-15 15:05:50', 1);
INSERT INTO `czb_verification_code` VALUES ('155793204323186', '13372606246', '247282', '2019-05-15 22:54:03', '2019-05-15 22:54:03', 1);
INSERT INTO `czb_verification_code` VALUES ('155793204361770', '13372606246', '811217', '2019-05-15 22:54:03', '2019-05-15 22:54:03', 1);
INSERT INTO `czb_verification_code` VALUES ('155793838802214', '18227951118', '211746', '2019-05-16 00:39:48', '2019-05-16 00:39:48', 1);
INSERT INTO `czb_verification_code` VALUES ('155793874472818', '18227951118', '606641', '2019-05-16 00:45:44', '2019-05-16 00:45:44', 1);
INSERT INTO `czb_verification_code` VALUES ('155799732554339', '17754943764', '253031', '2019-05-16 17:02:08', '2019-05-16 17:02:08', 1);

-- ----------------------------
-- Table structure for czb_vip_recharge_records
-- ----------------------------
DROP TABLE IF EXISTS `czb_vip_recharge_records`;
CREATE TABLE `czb_vip_recharge_records`  (
  `record_id` varchar(20) CHARACTER SET utf8 COLLATE utf8_general_ci NOT NULL,
  `user_id` varchar(20) CHARACTER SET utf8 COLLATE utf8_general_ci NULL DEFAULT NULL,
  `account` double(10, 2) NULL DEFAULT NULL,
  `recharge_way` int(1) NULL DEFAULT NULL,
  `is_received` int(1) NULL DEFAULT NULL,
  `third_trade_num` varchar(50) CHARACTER SET utf8 COLLATE utf8_general_ci NULL DEFAULT NULL,
  `create_at` timestamp(0) NULL DEFAULT NULL,
  `update_at` timestamp(0) NULL DEFAULT NULL ON UPDATE CURRENT_TIMESTAMP(0),
  PRIMARY KEY (`record_id`) USING BTREE
) ENGINE = InnoDB CHARACTER SET = utf8 COLLATE = utf8_general_ci ROW_FORMAT = Dynamic;

SET FOREIGN_KEY_CHECKS = 1;
